id,user_id,game_version,game_year,name,position,archetype,star_rating,height_feet,height_inches,weight_lbs,hometown,state,stats,screenshot_url,actual_dev_trait,dev_trait_reported_at,predicted_dev_trait,prediction_confidence,created_at,updated_at,class,abilities,mentals,ocr_dev_trait,gem_color
1df43374-028d-4825-8271-a5c77ceaa0b5,3020a55a-a94a-454b-aa63-34b697578c0d,ncaa_26,2026,ADDISON MCQUEEN,QB,Pocket Passer,4,6,2,187,South Jordan,UT,"{""speed"": 79, ""awareness"": 74, ""break_sack"": 60, ""throw_power"": 92, ""acceleration"": 75, ""throw_on_run"": 74, ""deep_accuracy"": 74, ""short_accuracy"": 84, ""under_pressure"": 74, ""medium_accuracy"": 81}",3020a55a-a94a-454b-aa63-34b697578c0d/11992e75-3d30-4b77-b47c-8aafdf4874eb/1769538366471_7.png,,,,,2026-01-27 18:26:58.423184+00,2026-01-27 18:26:58.423184+00,High School,[],"[""Road Dog"",""The Natural"",""Fan Favorite""]",Impact,green
07e2f80c-3cf8-4831-bd5f-ccd01452f6c3,3020a55a-a94a-454b-aa63-34b697578c0d,ncaa_26,2026,AFA ULUAVE,QB,Backfield Creator,4,6,2,218,Southlake,TX,"{""speed"": 80, ""awareness"": 62, ""break_sack"": 75, ""throw_power"": 85, ""acceleration"": 82, ""throw_on_run"": 79, ""deep_accuracy"": 79, ""short_accuracy"": 74, ""under_pressure"": 80, ""medium_accuracy"": 73}",3020a55a-a94a-454b-aa63-34b697578c0d/9c2199e2-0b6f-4809-90e5-e39096e86588/1769606825165_7.png,,,,,2026-01-28 13:27:57.018268+00,2026-01-28 13:27:57.018268+00,High School,[],"[""Field General"",""Fan Favorite"",""Rollercoaster""]",Impact,
30fa22d3-1cbf-4088-8563-a357270fbf7d,3020a55a-a94a-454b-aa63-34b697578c0d,ncaa_26,2026,ALEC GARBUTT,QB,Pocket Passer,4,6,3,220,Riverton,NJ,"{""speed"": 73, ""awareness"": 71, ""break_sack"": 60, ""throw_power"": 92, ""acceleration"": 82, ""throw_on_run"": 78, ""deep_accuracy"": 78, ""short_accuracy"": 83, ""under_pressure"": 72, ""medium_accuracy"": 83}",3020a55a-a94a-454b-aa63-34b697578c0d/58073f05-ea50-4f84-a461-60462810cc4d/1769535508491_3.png,,,,,2026-01-27 17:39:02.134567+00,2026-01-27 17:39:02.134567+00,High School,"[""Step Up""]","[""Headstrong"",""The Natural"",""Adrenaline""]",Normal,
15fb249b-6afa-490c-9011-729a9bb70410,3020a55a-a94a-454b-aa63-34b697578c0d,ncaa_26,2026,ALEX AUGUSTINE,QB,Pocket Passer,4,6,4,211,Bellflower,CA,"{""speed"": 80, ""awareness"": 71, ""break_sack"": 60, ""throw_power"": 92, ""acceleration"": 78, ""throw_on_run"": 71, ""deep_accuracy"": 77, ""short_accuracy"": 84, ""under_pressure"": 74, ""medium_accuracy"": 81}",3020a55a-a94a-454b-aa63-34b697578c0d/625c202e-0cb5-408c-9fd5-d476742d073e/1769607507952_8.png,,,,,2026-01-28 13:39:51.38158+00,2026-01-28 13:39:51.38158+00,High School,[],[],Star,green
c41a8cf5-94d0-4fd6-9afd-f710784f7762,3020a55a-a94a-454b-aa63-34b697578c0d,ncaa_26,2026,ALEX CLOUD,QB,Pocket Passer,4,6,5,197,Spring Branch,TX,"{""speed"": 78, ""awareness"": 72, ""break_sack"": 62, ""throw_power"": 89, ""acceleration"": 83, ""throw_on_run"": 77, ""deep_accuracy"": 74, ""short_accuracy"": 84, ""under_pressure"": 72, ""medium_accuracy"": 83}",3020a55a-a94a-454b-aa63-34b697578c0d/9fa2c4b1-0a4d-42c8-a2af-2ecc0d28a50b/1769605843380_0.png,,,,,2026-01-28 13:11:04.547548+00,2026-01-28 13:11:04.547548+00,High School,[],[],Elite,
e387346d-ac1a-41e4-9cff-ebd54f3d274c,3020a55a-a94a-454b-aa63-34b697578c0d,ncaa_26,2026,ALEXANDER AH YOU,QB,Pocket Passer,4,6,5,179,Carrollton,TX,"{""speed"": 76, ""awareness"": 71, ""break_sack"": 57, ""throw_power"": 92, ""acceleration"": 80, ""throw_on_run"": 71, ""deep_accuracy"": 79, ""short_accuracy"": 83, ""under_pressure"": 73, ""medium_accuracy"": 83}",3020a55a-a94a-454b-aa63-34b697578c0d/4ed88b2b-2a63-4bfd-a896-3868da5c78f3/1769573694895_1.png,,,,,2026-01-28 04:15:42.729732+00,2026-01-28 04:15:42.729732+00,High School,"[""Step Up""]","[""Fan Favorite"",""Road Dog"",""Headstrong""]",Elite,green
06912bd5-7176-4815-a49b-f788df5ba0a4,3020a55a-a94a-454b-aa63-34b697578c0d,ncaa_26,2026,ALEXANDER ANGEL,QB,Dual Threat,4,6,1,203,Wetumpka,AL,"{""speed"": 78, ""awareness"": 64, ""break_sack"": 67, ""throw_power"": 92, ""acceleration"": 87, ""throw_on_run"": 82, ""deep_accuracy"": 66, ""short_accuracy"": 76, ""under_pressure"": 76, ""medium_accuracy"": 80}",3020a55a-a94a-454b-aa63-34b697578c0d/f2fe5934-35a4-417c-bd51-f65da55000b0/1769606257447_3.png,,,,,2026-01-28 13:17:53.188989+00,2026-01-28 13:17:53.188989+00,High School,[],[],Normal,
2b92c07b-50ea-4f3a-b365-1e974daae085,3020a55a-a94a-454b-aa63-34b697578c0d,ncaa_26,2026,ALFONSO HOPE,QB,Dual Threat,4,6,4,197,Tampa,FL,"{""speed"": 84, ""awareness"": 81, ""break_sack"": 67, ""throw_power"": 90, ""acceleration"": 85, ""throw_on_run"": 81, ""deep_accuracy"": 68, ""short_accuracy"": 78, ""under_pressure"": 75, ""medium_accuracy"": 79}",3020a55a-a94a-454b-aa63-34b697578c0d/f2e21b9b-d7a2-4474-8e17-ce3ffa2b6688/1769574925968_5.png,,,,,2026-01-28 04:35:55.714053+00,2026-01-28 04:35:55.714053+00,High School,[],"[""Clearheaded""]",Star,
4ae50e43-3555-498f-8485-42f23feb7f7f,3020a55a-a94a-454b-aa63-34b697578c0d,ncaa_26,2026,ALPHONSO HATCHETT,QB,Dual Threat,4,6,2,195,Phenix City,AL,"{""speed"": 78, ""awareness"": 64, ""break_sack"": 66, ""throw_power"": 89, ""acceleration"": 85, ""throw_on_run"": 81, ""deep_accuracy"": 68, ""short_accuracy"": 80, ""under_pressure"": 75, ""medium_accuracy"": 78}",3020a55a-a94a-454b-aa63-34b697578c0d/625c202e-0cb5-408c-9fd5-d476742d073e/1769607510233_11.png,,,,,2026-01-28 13:39:05.614442+00,2026-01-28 13:39:05.614442+00,High School,[],[],Impact,
1e340ef1-50ca-4aa2-ac1c-f51177858a91,3020a55a-a94a-454b-aa63-34b697578c0d,ncaa_26,2026,ALPHONSO TOLSON,ATH,Dual Threat,4,6,4,204,Springdale,AR,"{""speed"": 83, ""awareness"": 62, ""break_sack"": 81, ""throw_power"": 85, ""acceleration"": 88, ""throw_on_run"": 83, ""deep_accuracy"": 66, ""short_accuracy"": 72, ""under_pressure"": 72, ""medium_accuracy"": 69}",3020a55a-a94a-454b-aa63-34b697578c0d/4ed88b2b-2a63-4bfd-a896-3868da5c78f3/1769573704085_10.png,,,,,2026-01-28 04:16:09.448244+00,2026-01-28 12:25:23.257538+00,High School,[],[],Normal,
15e51ce8-58a0-47bc-a2d3-61f0498dce07,3020a55a-a94a-454b-aa63-34b697578c0d,ncaa_26,2026,ALTON KAHN,QB,Dual Threat,4,6,0,191,Akron,OH,"{""speed"": 81, ""awareness"": 62, ""break_sack"": 64, ""throw_power"": 88, ""acceleration"": 86, ""throw_on_run"": 82, ""deep_accuracy"": 67, ""short_accuracy"": 77, ""under_pressure"": 76, ""medium_accuracy"": 77}",3020a55a-a94a-454b-aa63-34b697578c0d/6f19e232-33b9-452c-8b01-ace4075aef14/1769572410121_4.png,,,,,2026-01-28 03:54:06.361693+00,2026-01-28 03:54:06.361693+00,High School,[],"[""Rollercoaster"",""Winning Time"",""Fan Favorite""]",Normal,green
c40db5b9-30ef-476c-bba5-483796567888,3020a55a-a94a-454b-aa63-34b697578c0d,ncaa_26,2026,AMARI BEEBE,QB,Dual Threat,4,6,4,207,Baton Rouge,LA,"{""speed"": 79, ""awareness"": 65, ""break_sack"": 65, ""throw_power"": 90, ""acceleration"": 84, ""throw_on_run"": 80, ""deep_accuracy"": 69, ""short_accuracy"": 76, ""under_pressure"": 77, ""medium_accuracy"": 78}",3020a55a-a94a-454b-aa63-34b697578c0d/6f19e232-33b9-452c-8b01-ace4075aef14/1769572416879_11.png,,,,,2026-01-28 03:54:39.433428+00,2026-01-28 03:54:39.433428+00,High School,[],"[""Field General""]",Impact,
173d7719-9317-4b26-80d8-e22bc1176733,3020a55a-a94a-454b-aa63-34b697578c0d,ncaa_26,2026,ANDRE ADDAI,QB,Backfield Creator,4,6,0,194,Raleigh,NC,"{""speed"": 78, ""awareness"": 65, ""break_sack"": 76, ""throw_power"": 85, ""acceleration"": 84, ""throw_on_run"": 82, ""deep_accuracy"": 78, ""short_accuracy"": 75, ""under_pressure"": 79, ""medium_accuracy"": 72}",3020a55a-a94a-454b-aa63-34b697578c0d/9c2199e2-0b6f-4809-90e5-e39096e86588/1769606829893_13.png,,,,,2026-01-28 13:28:25.364697+00,2026-01-28 13:28:25.364697+00,High School,[],"[""Adrenaline"",""Road Dog"",""Rollercoaster""]",Normal,red
0a25a69f-2897-47ac-8f80-e943c2591218,3020a55a-a94a-454b-aa63-34b697578c0d,ncaa_26,2026,ANDRE AYODELE,QB,Pocket Passer,4,6,4,189,Blythewood,SC,"{""speed"": 76, ""awareness"": 75, ""break_sack"": 60, ""throw_power"": 90, ""acceleration"": 82, ""throw_on_run"": 74, ""deep_accuracy"": 77, ""short_accuracy"": 85, ""under_pressure"": 74, ""medium_accuracy"": 80}",3020a55a-a94a-454b-aa63-34b697578c0d/4ed88b2b-2a63-4bfd-a896-3868da5c78f3/1769573696243_2.png,,,,,2026-01-28 04:15:48.032732+00,2026-01-28 04:15:48.032732+00,High School,[],"[""Winning Time"",""Clearheaded"",""Field General""]",Impact,
2a209d68-20c5-4264-ab7e-c70ec623f18f,3020a55a-a94a-454b-aa63-34b697578c0d,ncaa_26,2026,ANDRE EBERLE,ATH,Dual Threat,4,6,4,222,Monticello,FL,"{""speed"": 82, ""awareness"": 67, ""break_sack"": 85, ""throw_power"": 88, ""acceleration"": 88, ""throw_on_run"": 83, ""deep_accuracy"": 69, ""short_accuracy"": 81, ""under_pressure"": 68, ""medium_accuracy"": 76}",3020a55a-a94a-454b-aa63-34b697578c0d/4ed88b2b-2a63-4bfd-a896-3868da5c78f3/1769573698624_5.png,,,,,2026-01-28 04:15:22.095709+00,2026-01-28 04:15:22.095709+00,High School,"[""Extender""]","[""The Natural"",""Road Dog""]",Star,
42c9c5a0-a1a7-4d18-87c0-4f0939acdc98,3020a55a-a94a-454b-aa63-34b697578c0d,ncaa_26,2026,ANTHONY FRICKE,QB,Backfield Creator,4,6,0,195,Portland,OR,"{""speed"": 78, ""awareness"": 81, ""break_sack"": 74, ""throw_power"": 85, ""acceleration"": 82, ""throw_on_run"": 81, ""deep_accuracy"": 78, ""short_accuracy"": 76, ""under_pressure"": 79, ""medium_accuracy"": 73}",3020a55a-a94a-454b-aa63-34b697578c0d/a342ce80-d121-447f-8178-098d349cc036/1769573460639_3.png,,,,,2026-01-28 04:11:36.373545+00,2026-01-28 04:11:36.373545+00,High School,[],"[""Road Dog""]",Impact,
e40b5788-c43e-4e10-a823-76412276acc8,3020a55a-a94a-454b-aa63-34b697578c0d,ncaa_26,2026,ANTHONY PRICE,QB,Dual Threat,4,6,0,199,Lehigh Acres,FL,"{""speed"": 81, ""awareness"": 65, ""break_sack"": 66, ""throw_power"": 93, ""acceleration"": 84, ""throw_on_run"": 80, ""deep_accuracy"": 66, ""short_accuracy"": 78, ""under_pressure"": 75, ""medium_accuracy"": 77}",3020a55a-a94a-454b-aa63-34b697578c0d/37c01ca5-7b0b-4fe2-8041-6c2fb6efa8bc/1769604003043_16.png,,,,,2026-01-28 12:41:35.743747+00,2026-01-28 12:41:35.743747+00,High School,[],"[""Clearheaded"",""Fan Favorite"",""Adrenaline""]",Star,
bb6d3532-3d63-48c4-b9dd-e14b82d245a4,3020a55a-a94a-454b-aa63-34b697578c0d,ncaa_26,2026,ANTHONY SCHEFFLER,ATH,Dual Threat,4,6,4,221,Oradell,NJ,"{""speed"": 84, ""awareness"": 69, ""break_sack"": 87, ""throw_power"": 87, ""acceleration"": 87, ""throw_on_run"": 82, ""deep_accuracy"": 67, ""short_accuracy"": 81, ""under_pressure"": 71, ""medium_accuracy"": 76}",3020a55a-a94a-454b-aa63-34b697578c0d/11992e75-3d30-4b77-b47c-8aafdf4874eb/1769538371067_13.png,,,,,2026-01-27 18:28:05.945272+00,2026-01-27 18:28:05.945272+00,High School,"[""Extender""]","[""Field General""]",Impact,
00b6349d-a2d5-44ab-9ccb-d8136f99d8a2,3020a55a-a94a-454b-aa63-34b697578c0d,ncaa_26,2026,ARMON SUGGS,QB,Backfield Creator,4,6,3,201,Glen Saint Mary,FL,"{""speed"": 83, ""awareness"": 64, ""break_sack"": 76, ""throw_power"": 85, ""acceleration"": 83, ""throw_on_run"": 79, ""deep_accuracy"": 78, ""short_accuracy"": 74, ""under_pressure"": 79, ""medium_accuracy"": 73}",3020a55a-a94a-454b-aa63-34b697578c0d/9fa2c4b1-0a4d-42c8-a2af-2ecc0d28a50b/1769605849391_7.png,,,,,2026-01-28 13:11:46.229715+00,2026-01-28 13:11:46.229715+00,High School,[],"[""Field General"",""Adrenaline""]",Impact,
e5eb6913-fe7a-4ee8-bc3c-673cf71463da,3020a55a-a94a-454b-aa63-34b697578c0d,ncaa_26,2026,AUSTIN FRESE,QB,Backfield Creator,4,6,1,194,Baltimore,MD,"{""speed"": 83, ""awareness"": 67, ""break_sack"": 74, ""throw_power"": 89, ""acceleration"": 84, ""throw_on_run"": 81, ""deep_accuracy"": 82, ""short_accuracy"": 78, ""under_pressure"": 80, ""medium_accuracy"": 75}",3020a55a-a94a-454b-aa63-34b697578c0d/200bf608-a342-4187-b6fa-74407a59ab19/1769572221317_0.png,,,,,2026-01-28 03:50:44.051923+00,2026-01-28 03:50:44.051923+00,High School,[],[],Elite,green
9dce3378-e215-46e5-b05e-0a13eb23cc82,3020a55a-a94a-454b-aa63-34b697578c0d,ncaa_26,2026,B.J. SPIELMAN,QB,Dual Threat,4,6,2,188,Cottondale,AL,"{""speed"": 81, ""awareness"": 65, ""break_sack"": 67, ""throw_power"": 95, ""acceleration"": 84, ""throw_on_run"": 79, ""deep_accuracy"": 66, ""short_accuracy"": 80, ""under_pressure"": 75, ""medium_accuracy"": 79}",3020a55a-a94a-454b-aa63-34b697578c0d/da35812b-39ae-4163-a3cf-1b4121d35fee/1769573169090_7.png,,,,,2026-01-28 04:06:41.457274+00,2026-01-28 04:06:41.457274+00,High School,[],"[""Adrenaline"",""Road Dog""]",Star,green
d7d0e223-db33-4640-8500-42fc0766b44f,3020a55a-a94a-454b-aa63-34b697578c0d,ncaa_26,2026,BARRY HASLAM,QB,Pocket Passer,4,6,3,198,Chandler,AZ,"{""speed"": 76, ""awareness"": 72, ""break_sack"": 58, ""throw_power"": 89, ""acceleration"": 81, ""throw_on_run"": 75, ""deep_accuracy"": 77, ""short_accuracy"": 85, ""under_pressure"": 74, ""medium_accuracy"": 83}",3020a55a-a94a-454b-aa63-34b697578c0d/a342ce80-d121-447f-8178-098d349cc036/1769573467031_11.png,,,,,2026-01-28 04:12:27.677553+00,2026-01-28 04:12:27.677553+00,High School,"[""Step Up""]","[""Winning Time"",""Rollercoaster""]",Star,
08ded166-e97b-4099-b1bd-977938f95017,3020a55a-a94a-454b-aa63-34b697578c0d,ncaa_26,2026,BARRY NEBLETT,QB,Backfield Creator,4,6,4,215,San Clemente,CA,"{""speed"": 81, ""awareness"": 79, ""break_sack"": 75, ""throw_power"": 87, ""acceleration"": 82, ""throw_on_run"": 79, ""deep_accuracy"": 80, ""short_accuracy"": 74, ""under_pressure"": 78, ""medium_accuracy"": 77}",3020a55a-a94a-454b-aa63-34b697578c0d/797f09be-f091-480b-a931-4f9f998af3a8/1769574341972_1.png,,,,,2026-01-28 04:26:12.578427+00,2026-01-28 04:26:12.578427+00,High School,[],"[""Road Dog""]",Impact,
98385320-5104-4609-ba05-f017027d115e,3020a55a-a94a-454b-aa63-34b697578c0d,ncaa_26,2026,BARRY TUTTLE,QB,Dual Threat,4,6,4,194,Oxford,MS,"{""speed"": 81, ""awareness"": 57, ""break_sack"": 65, ""throw_power"": 88, ""acceleration"": 85, ""throw_on_run"": 80, ""deep_accuracy"": 67, ""short_accuracy"": 76, ""under_pressure"": 74, ""medium_accuracy"": 78}",3020a55a-a94a-454b-aa63-34b697578c0d/11992e75-3d30-4b77-b47c-8aafdf4874eb/1769538370350_12.png,,,,,2026-01-27 18:28:00.164009+00,2026-01-27 18:28:00.164009+00,High School,[],"[""Clearheaded""]",Normal,
2894d612-65a8-4984-9898-1be60f5bceb0,3020a55a-a94a-454b-aa63-34b697578c0d,ncaa_26,2026,BEN RIZZO,QB,Backfield Creator,4,6,0,215,Peoria,AZ,"{""speed"": 79, ""awareness"": 71, ""break_sack"": 68, ""throw_power"": 89, ""acceleration"": 82, ""throw_on_run"": 80, ""deep_accuracy"": 79, ""short_accuracy"": 79, ""under_pressure"": 76, ""medium_accuracy"": 75}",3020a55a-a94a-454b-aa63-34b697578c0d/9f89286f-f6e9-4073-bfba-91f5f815cee7/1769605153961_0.png,,,,,2026-01-28 13:00:59.578538+00,2026-01-28 13:00:59.578538+00,High School,[],"[""Rollercoaster"",""The Natural""]",Impact,
ebf794e6-4d75-4ea0-9155-eaa09d2feaa7,3020a55a-a94a-454b-aa63-34b697578c0d,ncaa_26,2026,BEN YANCEY,QB,Dual Threat,4,6,3,206,San Diego,CA,"{""speed"": 79, ""awareness"": 64, ""break_sack"": 65, ""throw_power"": 93, ""acceleration"": 87, ""throw_on_run"": 79, ""deep_accuracy"": 66, ""short_accuracy"": 79, ""under_pressure"": 77, ""medium_accuracy"": 77}",3020a55a-a94a-454b-aa63-34b697578c0d/305828b3-0614-45e0-86db-b80fcb17c6ee/1769574662983_10.png,,,,,2026-01-28 04:32:12.036393+00,2026-01-28 04:32:12.036393+00,High School,[],[],Impact,
33998f8a-8794-4131-8ff5-4ac36e411cf3,3020a55a-a94a-454b-aa63-34b697578c0d,ncaa_26,2026,BENJAMIN MCSORLEY,QB,Pocket Passer,4,6,2,176,West Bloomfield,MI,"{""speed"": 76, ""awareness"": 71, ""break_sack"": 58, ""throw_power"": 92, ""acceleration"": 82, ""throw_on_run"": 71, ""deep_accuracy"": 75, ""short_accuracy"": 83, ""under_pressure"": 73, ""medium_accuracy"": 83}",3020a55a-a94a-454b-aa63-34b697578c0d/da35812b-39ae-4163-a3cf-1b4121d35fee/1769573177947_17.png,,,,,2026-01-28 04:07:55.428882+00,2026-01-28 04:07:55.428882+00,High School,"[""Step Up""]",[],Impact,green
152faa3c-3a95-48d6-ad0a-eeb989eb9938,3020a55a-a94a-454b-aa63-34b697578c0d,ncaa_26,2026,BOBBY CHEESEMAN,QB,Dual Threat,4,6,4,190,Jersey City,NJ,"{""speed"": 82, ""awareness"": 69, ""break_sack"": 64, ""throw_power"": 96, ""acceleration"": 86, ""throw_on_run"": 80, ""deep_accuracy"": 67, ""short_accuracy"": 81, ""under_pressure"": 75, ""medium_accuracy"": 79}",3020a55a-a94a-454b-aa63-34b697578c0d/4ed88b2b-2a63-4bfd-a896-3868da5c78f3/1769573693929_0.png,,,,,2026-01-28 04:15:37.741172+00,2026-01-28 04:15:37.741172+00,High School,[],[],Impact,green
91e0bbb9-fa73-48aa-8b58-8e46cacb78a5,3020a55a-a94a-454b-aa63-34b697578c0d,ncaa_26,2026,BOBBY COOK,QB,Backfield Creator,4,6,1,190,Rancho Cucamonga,CA,"{""speed"": 78, ""awareness"": 62, ""break_sack"": 75, ""throw_power"": 86, ""acceleration"": 84, ""throw_on_run"": 82, ""deep_accuracy"": 78, ""short_accuracy"": 75, ""under_pressure"": 79, ""medium_accuracy"": 73}",3020a55a-a94a-454b-aa63-34b697578c0d/9f89286f-f6e9-4073-bfba-91f5f815cee7/1769605165415_14.png,,,,,2026-01-28 13:00:25.482921+00,2026-01-28 13:00:25.482921+00,High School,[],"[""Adrenaline"",""Fan Favorite""]",Elite,
318c0491-b322-44c4-b8df-1cbe258367ad,3020a55a-a94a-454b-aa63-34b697578c0d,ncaa_26,2026,BOBBY LOVELL,QB,Dual Threat,4,6,5,191,Buffalo,NY,"{""speed"": 81, ""awareness"": 64, ""break_sack"": 66, ""throw_power"": 93, ""acceleration"": 87, ""throw_on_run"": 81, ""deep_accuracy"": 67, ""short_accuracy"": 76, ""under_pressure"": 75, ""medium_accuracy"": 78}",3020a55a-a94a-454b-aa63-34b697578c0d/305828b3-0614-45e0-86db-b80fcb17c6ee/1769574669326_17.png,,,,,2026-01-28 04:32:43.580743+00,2026-01-28 12:25:25.945783+00,High School,[],"[""Field General"",""Road Dog"",""Adrenaline""]",Elite,
16dadc50-6691-4324-a3b7-1084f52f6069,3020a55a-a94a-454b-aa63-34b697578c0d,ncaa_26,2026,BOBBY STURM,QB,Dual Threat,4,6,1,176,Deerfield Beach,FL,"{""speed"": 85, ""awareness"": 64, ""break_sack"": 65, ""throw_power"": 92, ""acceleration"": 85, ""throw_on_run"": 79, ""deep_accuracy"": 67, ""short_accuracy"": 77, ""under_pressure"": 77, ""medium_accuracy"": 77}",3020a55a-a94a-454b-aa63-34b697578c0d/f2fe5934-35a4-417c-bd51-f65da55000b0/1769606261393_8.png,,,,,2026-01-28 13:18:38.222013+00,2026-01-28 13:18:38.222013+00,High School,[],"[""The Natural"",""Adrenaline"",""Road Dog""]",Star,green
d4fb23b6-8106-4295-9b7c-6965782d31ef,3020a55a-a94a-454b-aa63-34b697578c0d,ncaa_26,2026,BRADLEY VIRGIN,QB,Pocket Passer,4,6,4,180,Atlanta,GA,"{""speed"": 75, ""awareness"": 71, ""break_sack"": 60, ""throw_power"": 92, ""acceleration"": 82, ""throw_on_run"": 72, ""deep_accuracy"": 75, ""short_accuracy"": 83, ""under_pressure"": 73, ""medium_accuracy"": 80}",3020a55a-a94a-454b-aa63-34b697578c0d/f2fe5934-35a4-417c-bd51-f65da55000b0/1769606256698_2.png,,,,,2026-01-28 13:18:09.744315+00,2026-01-28 13:18:09.744315+00,High School,[],[],Star,
6782152e-2dfb-48bd-a7b1-3229f9f74421,3020a55a-a94a-454b-aa63-34b697578c0d,ncaa_26,2026,BRETT COBB,QB,Backfield Creator,4,6,4,215,Bridgeport,CT,"{""speed"": 81, ""awareness"": 62, ""break_sack"": 77, ""throw_power"": 87, ""acceleration"": 85, ""throw_on_run"": 80, ""deep_accuracy"": 82, ""short_accuracy"": 79, ""under_pressure"": 78, ""medium_accuracy"": 72}",3020a55a-a94a-454b-aa63-34b697578c0d/9fa2c4b1-0a4d-42c8-a2af-2ecc0d28a50b/1769605846960_4.png,,,,,2026-01-28 13:11:27.646492+00,2026-01-28 13:11:27.646492+00,High School,[],[],Impact,green
0740ab93-d671-4e83-88d8-01fefa703e4b,3020a55a-a94a-454b-aa63-34b697578c0d,ncaa_26,2026,BRIAN ISMAIL,ATH,Dual Threat,4,6,3,198,Atlanta,GA,"{""speed"": 87, ""awareness"": 69, ""break_sack"": 87, ""throw_power"": 87, ""acceleration"": 88, ""throw_on_run"": 85, ""deep_accuracy"": 67, ""short_accuracy"": 80, ""under_pressure"": 69, ""medium_accuracy"": 75}",3020a55a-a94a-454b-aa63-34b697578c0d/b8c3c650-9ec3-4fbd-a512-147a8d8a3d43/1769550587092_3.png,,,,,2026-01-27 21:50:09.955661+00,2026-01-27 21:50:09.955661+00,High School,[],[],Normal,
21b41f08-10cb-46fb-9509-9294f8009f22,3020a55a-a94a-454b-aa63-34b697578c0d,ncaa_26,2026,BRIAN MONEY,QB,Dual Threat,4,6,2,195,Mission Viejo,CA,"{""speed"": 83, ""awareness"": 68, ""break_sack"": 65, ""throw_power"": 93, ""acceleration"": 84, ""throw_on_run"": 81, ""deep_accuracy"": 67, ""short_accuracy"": 78, ""under_pressure"": 75, ""medium_accuracy"": 80}",3020a55a-a94a-454b-aa63-34b697578c0d/b94d59ff-6642-43ef-8d5e-09f6ba1edefb/1769536440523_7.png,,,,,2026-01-27 17:54:59.153091+00,2026-01-27 17:54:59.153091+00,High School,[],[],Star,green
2264e7a4-0c0a-43b7-bc37-baa98965cada,3020a55a-a94a-454b-aa63-34b697578c0d,ncaa_26,2026,BRIAN MORRIS,QB,Dual Threat,4,6,2,185,Dearborn,MI,"{""speed"": 81, ""awareness"": 71, ""break_sack"": 66, ""throw_power"": 93, ""acceleration"": 85, ""throw_on_run"": 80, ""deep_accuracy"": 69, ""short_accuracy"": 78, ""under_pressure"": 77, ""medium_accuracy"": 79}",3020a55a-a94a-454b-aa63-34b697578c0d/37c01ca5-7b0b-4fe2-8041-6c2fb6efa8bc/1769604006073_20.png,,,,,2026-01-28 12:41:47.523009+00,2026-01-28 12:41:47.523009+00,High School,[],[],Star,green
9b4babf5-4f6a-4011-b014-7acaf7972193,3020a55a-a94a-454b-aa63-34b697578c0d,ncaa_26,2026,BRIAN PEREZ,QB,Dual Threat,4,6,3,213,Crandall,TX,"{""speed"": 78, ""awareness"": 89, ""break_sack"": 66, ""throw_power"": 90, ""acceleration"": 85, ""throw_on_run"": 80, ""deep_accuracy"": 68, ""short_accuracy"": 78, ""under_pressure"": 77, ""medium_accuracy"": 79}",3020a55a-a94a-454b-aa63-34b697578c0d/4ed88b2b-2a63-4bfd-a896-3868da5c78f3/1769573705599_12.png,,,,,2026-01-28 04:16:37.858641+00,2026-01-28 04:16:37.858641+00,High School,[],"[""Rollercoaster"",""Road Dog"",""Adrenaline""]",Star,green
ff1d9ab9-e44e-4017-afc6-d66733ea3906,3020a55a-a94a-454b-aa63-34b697578c0d,ncaa_26,2026,BRIAN STRYZINSKI,QB,Dual Threat,4,6,4,176,Hightstown,NJ,"{""speed"": 78, ""awareness"": 81, ""break_sack"": 67, ""throw_power"": 86, ""acceleration"": 87, ""throw_on_run"": 81, ""deep_accuracy"": 69, ""short_accuracy"": 81, ""under_pressure"": 77, ""medium_accuracy"": 77}",3020a55a-a94a-454b-aa63-34b697578c0d/6f19e232-33b9-452c-8b01-ace4075aef14/1769572421606_16.png,,,,,2026-01-28 03:55:19.042311+00,2026-01-28 03:55:19.042311+00,High School,[],"[""Road Dog"",""Rollercoaster""]",Impact,
bcbad9d1-92aa-4416-b694-b38fab9b4ccb,3020a55a-a94a-454b-aa63-34b697578c0d,ncaa_26,2026,BRYCE TRIBBLE,QB,Pocket Passer,4,6,4,186,Stone Mountain,GA,"{""speed"": 76, ""awareness"": 77, ""break_sack"": 59, ""throw_power"": 91, ""acceleration"": 79, ""throw_on_run"": 77, ""deep_accuracy"": 76, ""short_accuracy"": 83, ""under_pressure"": 75, ""medium_accuracy"": 82}",3020a55a-a94a-454b-aa63-34b697578c0d/6f19e232-33b9-452c-8b01-ace4075aef14/1769572419958_14.png,,,,,2026-01-28 03:55:12.037227+00,2026-01-28 03:55:12.037227+00,High School,[],"[""The Natural"",""Winning Time""]",Star,
2ac9d24d-ae14-43f6-93a0-5ef54e25230b,3020a55a-a94a-454b-aa63-34b697578c0d,ncaa_26,2026,BRYSON FLYNN,QB,Pocket Passer,4,6,5,197,Watertown,CT,"{""speed"": 77, ""awareness"": 71, ""break_sack"": 60, ""throw_power"": 92, ""acceleration"": 79, ""throw_on_run"": 78, ""deep_accuracy"": 76, ""short_accuracy"": 82, ""under_pressure"": 74, ""medium_accuracy"": 83}",3020a55a-a94a-454b-aa63-34b697578c0d/58073f05-ea50-4f84-a461-60462810cc4d/1769535506210_1.png,,,,,2026-01-27 17:38:51.699636+00,2026-01-27 17:38:51.699636+00,High School,"[""Step Up""]","[""Clearheaded"",""Headstrong""]",Impact,
fe15365b-5fd2-4f24-80f7-8f7b635a7657,3020a55a-a94a-454b-aa63-34b697578c0d,ncaa_26,2026,C. ATWELL,QB,Backfield Creator,4,6,0,194,Lake Forest,IL,"{""speed"": 78, ""awareness"": 65, ""break_sack"": 75, ""throw_power"": 86, ""acceleration"": 82, ""throw_on_run"": 80, ""deep_accuracy"": 77, ""short_accuracy"": 79, ""under_pressure"": 78, ""medium_accuracy"": 74}",3020a55a-a94a-454b-aa63-34b697578c0d/625c202e-0cb5-408c-9fd5-d476742d073e/1769607508734_9.png,,,,,2026-01-28 13:39:00.298998+00,2026-01-28 13:39:00.298998+00,High School,[],[],Impact,
24f63f12-4f44-4aae-892b-ad8935bb9716,3020a55a-a94a-454b-aa63-34b697578c0d,ncaa_26,2026,C.J. TRIBBLE,QB,Backfield Creator,4,6,0,214,Detroit,MI,"{""speed"": 76, ""awareness"": 79, ""break_sack"": 76, ""throw_power"": 85, ""acceleration"": 83, ""throw_on_run"": 79, ""deep_accuracy"": 74, ""short_accuracy"": 76, ""under_pressure"": 78, ""medium_accuracy"": 76}",3020a55a-a94a-454b-aa63-34b697578c0d/200bf608-a342-4187-b6fa-74407a59ab19/1769572226161_5.png,,,,,2026-01-28 03:51:11.369397+00,2026-01-28 03:51:11.369397+00,High School,[],"[""Fan Favorite"",""The Natural""]",Normal,
d1f67a90-ff15-4203-90f9-b3b256b279e3,3020a55a-a94a-454b-aa63-34b697578c0d,ncaa_26,2026,CAESAR ARROLLO,QB,Pocket Passer,4,6,4,197,Phoenix,AZ,"{""speed"": 75, ""awareness"": 71, ""break_sack"": 59, ""throw_power"": 90, ""acceleration"": 83, ""throw_on_run"": 75, ""deep_accuracy"": 77, ""short_accuracy"": 83, ""under_pressure"": 74, ""medium_accuracy"": 81}",3020a55a-a94a-454b-aa63-34b697578c0d/b8c3c650-9ec3-4fbd-a512-147a8d8a3d43/1769550585560_1.png,,,,,2026-01-27 21:50:05.068698+00,2026-01-27 21:50:05.068698+00,High School,[],"[""Road Dog"",""Clearheaded"",""Winning Time""]",Normal,green
ead04114-ecb8-4e6a-9695-5bc9afdcc481,3020a55a-a94a-454b-aa63-34b697578c0d,ncaa_26,2026,CALEB GRUBB,QB,Dual Threat,4,5,11,194,Fairburn,GA,"{""speed"": 79, ""awareness"": 62, ""break_sack"": 65, ""throw_power"": 89, ""acceleration"": 86, ""throw_on_run"": 82, ""deep_accuracy"": 69, ""short_accuracy"": 81, ""under_pressure"": 76, ""medium_accuracy"": 79}",3020a55a-a94a-454b-aa63-34b697578c0d/37c01ca5-7b0b-4fe2-8041-6c2fb6efa8bc/1769603989292_4.png,,,,,2026-01-28 12:40:36.872878+00,2026-01-28 12:40:36.872878+00,High School,[],"[""Field General"",""Winning Time"",""Adrenaline""]",Impact,
b3d5d53c-0c02-4dd7-8a23-68f85f7bf4d1,3020a55a-a94a-454b-aa63-34b697578c0d,ncaa_26,2026,CALLUM BLUM,QB,Pocket Passer,4,6,5,211,Southlake,TX,"{""speed"": 76, ""awareness"": 74, ""break_sack"": 59, ""throw_power"": 92, ""acceleration"": 80, ""throw_on_run"": 75, ""deep_accuracy"": 75, ""short_accuracy"": 82, ""under_pressure"": 73, ""medium_accuracy"": 80}",3020a55a-a94a-454b-aa63-34b697578c0d/6f19e232-33b9-452c-8b01-ace4075aef14/1769572406526_0.png,,,,,2026-01-28 03:55:24.627576+00,2026-01-28 03:55:24.627576+00,High School,[],[],Normal,
6822a0db-f112-40d3-84f9-e3f77b904064,3020a55a-a94a-454b-aa63-34b697578c0d,ncaa_26,2026,CAM GAY,QB,Backfield Creator,4,6,0,198,Sammamish,WA,"{""speed"": 78, ""awareness"": 63, ""break_sack"": 76, ""throw_power"": 82, ""acceleration"": 83, ""throw_on_run"": 79, ""deep_accuracy"": 77, ""short_accuracy"": 76, ""under_pressure"": 80, ""medium_accuracy"": 76}",3020a55a-a94a-454b-aa63-34b697578c0d/4ed88b2b-2a63-4bfd-a896-3868da5c78f3/1769573700106_7.png,,,,,2026-01-28 04:15:27.764153+00,2026-01-28 04:15:27.764153+00,High School,[],"[""Road Dog""]",Normal,red
481bcd0a-f456-4f05-b233-34c768d8faa8,3020a55a-a94a-454b-aa63-34b697578c0d,ncaa_26,2026,CAMERON DRANGO,QB,Backfield Creator,4,6,1,199,Kingsland,GA,"{""speed"": 79, ""awareness"": 62, ""break_sack"": 75, ""throw_power"": 86, ""acceleration"": 83, ""throw_on_run"": 82, ""deep_accuracy"": 77, ""short_accuracy"": 77, ""under_pressure"": 78, ""medium_accuracy"": 75}",3020a55a-a94a-454b-aa63-34b697578c0d/9f89286f-f6e9-4073-bfba-91f5f815cee7/1769605159821_7.png,,,,,2026-01-28 12:59:56.460553+00,2026-01-28 12:59:56.460553+00,High School,[],"[""Rollercoaster"",""Road Dog""]",Elite,
82846cc4-9ef5-4e59-86b2-7156ed9a7dd8,3020a55a-a94a-454b-aa63-34b697578c0d,ncaa_26,2026,CARL FRIES,QB,Pocket Passer,4,6,5,198,Memphis,TN,"{""speed"": 77, ""awareness"": 71, ""break_sack"": 62, ""throw_power"": 94, ""acceleration"": 78, ""throw_on_run"": 71, ""deep_accuracy"": 74, ""short_accuracy"": 85, ""under_pressure"": 72, ""medium_accuracy"": 83}",3020a55a-a94a-454b-aa63-34b697578c0d/6f19e232-33b9-452c-8b01-ace4075aef14/1769572409338_3.png,,,,,2026-01-28 03:53:55.521258+00,2026-01-28 03:53:55.521258+00,High School,[],[],Elite,green
51b44f7b-a4b2-4c27-b2d5-2120d80e0c42,3020a55a-a94a-454b-aa63-34b697578c0d,ncaa_26,2026,CARLOS CHILDRESS,QB,Dual Threat,5,6,1,201,San Marcos,CA,"{""speed"": 83, ""awareness"": 72, ""break_sack"": 69, ""throw_power"": 95, ""acceleration"": 87, ""throw_on_run"": 82, ""deep_accuracy"": 68, ""short_accuracy"": 82, ""under_pressure"": 77, ""medium_accuracy"": 82}",3020a55a-a94a-454b-aa63-34b697578c0d/b8c3c650-9ec3-4fbd-a512-147a8d8a3d43/1769550584561_0.png,,,,,2026-01-27 21:51:18.790671+00,2026-01-27 21:51:18.790671+00,High School,[],[],Star,
153da490-c30a-4ddb-99cd-db00cc771ab5,3020a55a-a94a-454b-aa63-34b697578c0d,ncaa_26,2026,CARLOS THOMAS,QB,Backfield Creator,4,6,2,222,Suwanee,GA,"{""speed"": 80, ""awareness"": 65, ""break_sack"": 74, ""throw_power"": 85, ""acceleration"": 83, ""throw_on_run"": 80, ""deep_accuracy"": 82, ""short_accuracy"": 76, ""under_pressure"": 81, ""medium_accuracy"": 77}",3020a55a-a94a-454b-aa63-34b697578c0d/b8c3c650-9ec3-4fbd-a512-147a8d8a3d43/1769550591588_8.png,,,,,2026-01-27 21:51:40.816307+00,2026-01-27 21:51:40.816307+00,High School,[],"[""Clearheaded""]",Normal,
a7936f9b-449c-470a-a21f-e32a3b08928d,3020a55a-a94a-454b-aa63-34b697578c0d,ncaa_26,2026,CARY NUNN,QB,Dual Threat,4,6,5,176,New Orleans,LA,"{""speed"": 81, ""awareness"": 69, ""break_sack"": 64, ""throw_power"": 91, ""acceleration"": 85, ""throw_on_run"": 79, ""deep_accuracy"": 68, ""short_accuracy"": 76, ""under_pressure"": 77, ""medium_accuracy"": 80}",3020a55a-a94a-454b-aa63-34b697578c0d/8baa810f-bdbd-4cc5-a4b6-ee6affb33bb5/1769537850284_11.png,,,,,2026-01-27 18:18:53.676104+00,2026-01-27 18:18:53.676104+00,High School,[],"[""Clearheaded"",""Rollercoaster""]",Impact,
1f31cbd3-3af4-49f3-9caf-d0869a014bd8,3020a55a-a94a-454b-aa63-34b697578c0d,ncaa_26,2026,CASEY GIZZI,QB,Pocket Passer,4,6,3,188,Shreveport,LA,"{""speed"": 76, ""awareness"": 72, ""break_sack"": 61, ""throw_power"": 91, ""acceleration"": 79, ""throw_on_run"": 74, ""deep_accuracy"": 75, ""short_accuracy"": 85, ""under_pressure"": 73, ""medium_accuracy"": 80}",3020a55a-a94a-454b-aa63-34b697578c0d/b94d59ff-6642-43ef-8d5e-09f6ba1edefb/1769536437959_4.png,,,,,2026-01-27 17:54:43.153323+00,2026-01-27 17:54:43.153323+00,High School,[],"[""Road Dog"",""Clearheaded"",""Field General""]",Star,
3b0f99b5-b1f8-4ff7-b567-39e4b0cd969b,3020a55a-a94a-454b-aa63-34b697578c0d,ncaa_26,2026,CASSIUS AMUNDSON,QB,Backfield Creator,4,6,1,196,Hoover,AL,"{""speed"": 78, ""awareness"": 66, ""break_sack"": 77, ""throw_power"": 86, ""acceleration"": 85, ""throw_on_run"": 80, ""deep_accuracy"": 81, ""short_accuracy"": 75, ""under_pressure"": 78, ""medium_accuracy"": 75}",3020a55a-a94a-454b-aa63-34b697578c0d/9c2199e2-0b6f-4809-90e5-e39096e86588/1769606822817_4.png,,,,,2026-01-28 13:27:45.009283+00,2026-01-28 13:27:45.009283+00,High School,[],"[""The Natural"",""Rollercoaster""]",Elite,
6ca4932c-72dc-4258-9f9d-7d2bcf953585,3020a55a-a94a-454b-aa63-34b697578c0d,ncaa_26,2026,CHAD CHOSEN,QB,Dual Threat,4,6,4,192,Sandy,UT,"{""speed"": 82, ""awareness"": 61, ""break_sack"": 66, ""throw_power"": 95, ""acceleration"": 87, ""throw_on_run"": 81, ""deep_accuracy"": 66, ""short_accuracy"": 76, ""under_pressure"": 75, ""medium_accuracy"": 80}",3020a55a-a94a-454b-aa63-34b697578c0d/f2e21b9b-d7a2-4474-8e17-ce3ffa2b6688/1769574933011_13.png,,,,,2026-01-28 04:36:19.6181+00,2026-01-28 04:36:19.6181+00,High School,[],"[""Adrenaline"",""Road Dog"",""The Natural""]",Star,green
b8c93a64-65a7-47d9-9c4f-c4395469a233,3020a55a-a94a-454b-aa63-34b697578c0d,ncaa_26,2026,CHUCK CONRAD,QB,Pocket Passer,4,6,2,221,Groton,MA,"{""speed"": 74, ""awareness"": 72, ""break_sack"": 61, ""throw_power"": 92, ""acceleration"": 75, ""throw_on_run"": 70, ""deep_accuracy"": 74, ""short_accuracy"": 84, ""under_pressure"": 75, ""medium_accuracy"": 82}",3020a55a-a94a-454b-aa63-34b697578c0d/6f19e232-33b9-452c-8b01-ace4075aef14/1769572413350_8.png,,,,,2026-01-28 03:54:27.989306+00,2026-01-28 03:54:27.989306+00,High School,[],[],Impact,
8f5b6a18-5cec-4350-ab9c-0cb0b48d460b,3020a55a-a94a-454b-aa63-34b697578c0d,ncaa_26,2026,CLYDE CROW,QB,Backfield Creator,4,6,0,191,West Bloomfield,MI,"{""speed"": 78, ""awareness"": 65, ""break_sack"": 74, ""throw_power"": 86, ""acceleration"": 85, ""throw_on_run"": 82, ""deep_accuracy"": 76, ""short_accuracy"": 76, ""under_pressure"": 79, ""medium_accuracy"": 74}",3020a55a-a94a-454b-aa63-34b697578c0d/f2e21b9b-d7a2-4474-8e17-ce3ffa2b6688/1769574932262_12.png,,,,,2026-01-28 04:36:53.511451+00,2026-01-28 04:36:53.511451+00,High School,[],"[""The Natural"",""Clearheaded""]",Impact,
23438efa-f46e-47e3-ba62-c636498e7604,3020a55a-a94a-454b-aa63-34b697578c0d,ncaa_26,2026,COCO RHATTIGAN,QB,Backfield Creator,5,6,1,204,Vicksburg,MS,"{""speed"": 76, ""awareness"": 68, ""break_sack"": 59, ""throw_power"": 88, ""acceleration"": 81, ""throw_on_run"": 79, ""deep_accuracy"": 78, ""short_accuracy"": 81, ""under_pressure"": 78, ""medium_accuracy"": 77}",3020a55a-a94a-454b-aa63-34b697578c0d/305828b3-0614-45e0-86db-b80fcb17c6ee/1769574654428_0.png,,,,,2026-01-28 04:31:16.354381+00,2026-01-28 04:31:16.354381+00,High School,[],"[""Field General""]",Star,
6d9d72a6-d892-4d75-932e-d11984ab10f3,3020a55a-a94a-454b-aa63-34b697578c0d,ncaa_26,2026,COLE DOGG,QB,Pocket Passer,4,6,4,199,Wylie,TX,"{""speed"": 76, ""awareness"": 75, ""break_sack"": 60, ""throw_power"": 92, ""acceleration"": 79, ""throw_on_run"": 77, ""deep_accuracy"": 78, ""short_accuracy"": 85, ""under_pressure"": 76, ""medium_accuracy"": 85}",3020a55a-a94a-454b-aa63-34b697578c0d/4ed88b2b-2a63-4bfd-a896-3868da5c78f3/1769573707864_15.png,,,,,2026-01-28 04:16:27.19064+00,2026-01-28 04:16:27.19064+00,High School,[],"[""Winning Time"",""Clearheaded""]",Impact,
5beefd47-1478-4c37-927b-38899bc51b8a,3020a55a-a94a-454b-aa63-34b697578c0d,ncaa_26,2026,COLE NOVAK,QB,Backfield Creator,4,6,4,200,Murrieta,CA,"{""speed"": 79, ""awareness"": 61, ""break_sack"": 76, ""throw_power"": 86, ""acceleration"": 82, ""throw_on_run"": 81, ""deep_accuracy"": 75, ""short_accuracy"": 79, ""under_pressure"": 81, ""medium_accuracy"": 73}",3020a55a-a94a-454b-aa63-34b697578c0d/6f19e232-33b9-452c-8b01-ace4075aef14/1769572407691_1.png,,,,,2026-01-28 03:53:50.785003+00,2026-01-28 03:53:50.785003+00,High School,[],"[""Winning Time"",""Rollercoaster"",""Field General""]",Normal,
0a7db60c-6607-4964-9cbf-3d7a08228574,3020a55a-a94a-454b-aa63-34b697578c0d,ncaa_26,2026,COLLIN SHAW,QB,Backfield Creator,4,6,2,202,Encino,CA,"{""speed"": 78, ""awareness"": 63, ""break_sack"": 74, ""throw_power"": 87, ""acceleration"": 85, ""throw_on_run"": 82, ""deep_accuracy"": 77, ""short_accuracy"": 75, ""under_pressure"": 80, ""medium_accuracy"": 72}",3020a55a-a94a-454b-aa63-34b697578c0d/a342ce80-d121-447f-8178-098d349cc036/1769573469445_14.png,,,,,2026-01-28 04:12:44.660397+00,2026-01-28 04:12:44.660397+00,High School,[],"[""Road Dog"",""Winning Time"",""Field General""]",Impact,green
53f6f38d-e33d-4fc4-9c2c-47bc3d3df407,3020a55a-a94a-454b-aa63-34b697578c0d,ncaa_26,2026,CORDALE BRANDT,QB,Dual Threat,4,5,11,211,Maplesville,AL,"{""speed"": 79, ""awareness"": 71, ""break_sack"": 64, ""throw_power"": 93, ""acceleration"": 84, ""throw_on_run"": 79, ""deep_accuracy"": 68, ""short_accuracy"": 80, ""under_pressure"": 76, ""medium_accuracy"": 78}",3020a55a-a94a-454b-aa63-34b697578c0d/200bf608-a342-4187-b6fa-74407a59ab19/1769572233203_13.png,,,,,2026-01-28 03:51:32.27693+00,2026-01-28 03:51:32.27693+00,High School,[],"[""Headstrong""]",Normal,
ed0ebd95-7dce-45c9-95b8-7dba901fd6df,3020a55a-a94a-454b-aa63-34b697578c0d,ncaa_26,2026,CORDELL HAY,QB,Dual Threat,5,6,0,185,Buford,GA,"{""speed"": 87, ""awareness"": 70, ""break_sack"": 66, ""throw_power"": 94, ""acceleration"": 88, ""throw_on_run"": 83, ""deep_accuracy"": 68, ""short_accuracy"": 81, ""under_pressure"": 77, ""medium_accuracy"": 80}",3020a55a-a94a-454b-aa63-34b697578c0d/0443f489-7b98-41f3-ac7e-63ea3aa7e011/1769538496494_19.png,,,,,2026-01-27 18:29:15.401332+00,2026-01-27 18:29:15.401332+00,High School,[],"[""Winning Time"",""Adrenaline""]",Elite,green
1c10da74-a55d-438c-981d-a74c56b02548,3020a55a-a94a-454b-aa63-34b697578c0d,ncaa_26,2026,CORNELL BABCOCK,QB,Backfield Creator,4,6,1,208,Clermont,FL,"{""speed"": 78, ""awareness"": 64, ""break_sack"": 76, ""throw_power"": 84, ""acceleration"": 82, ""throw_on_run"": 81, ""deep_accuracy"": 79, ""short_accuracy"": 74, ""under_pressure"": 78, ""medium_accuracy"": 76}",3020a55a-a94a-454b-aa63-34b697578c0d/6f19e232-33b9-452c-8b01-ace4075aef14/1769572412568_7.png,,,,,2026-01-28 03:54:22.81031+00,2026-01-28 03:54:22.81031+00,High School,[],"[""Winning Time""]",Normal,red
acd99b0d-1a23-4b86-8bf7-d439faf107d8,3020a55a-a94a-454b-aa63-34b697578c0d,ncaa_26,2026,CORNELL COFFEY,QB,Backfield Creator,4,6,4,213,Brentwood,TN,"{""speed"": 77, ""awareness"": 79, ""break_sack"": 77, ""throw_power"": 84, ""acceleration"": 83, ""throw_on_run"": 79, ""deep_accuracy"": 80, ""short_accuracy"": 79, ""under_pressure"": 80, ""medium_accuracy"": 72}",3020a55a-a94a-454b-aa63-34b697578c0d/200bf608-a342-4187-b6fa-74407a59ab19/1769572222382_1.png,,,,,2026-01-28 03:51:01.065342+00,2026-01-28 03:51:01.065342+00,High School,[],"[""The Natural"",""Winning Time""]",Normal,red
b2cf7059-d101-4d5d-85f0-bff606c5a9cf,3020a55a-a94a-454b-aa63-34b697578c0d,ncaa_26,2026,CORNELL JOHNS,QB,Backfield Creator,4,6,2,198,Avon,CT,"{""speed"": 80, ""awareness"": 64, ""break_sack"": 74, ""throw_power"": 85, ""acceleration"": 85, ""throw_on_run"": 81, ""deep_accuracy"": 78, ""short_accuracy"": 75, ""under_pressure"": 78, ""medium_accuracy"": 73}",3020a55a-a94a-454b-aa63-34b697578c0d/9f89286f-f6e9-4073-bfba-91f5f815cee7/1769605157440_4.png,,,,,2026-01-28 13:01:09.98281+00,2026-01-28 13:01:09.98281+00,High School,[],[],Star,
5bb97b11-d9b7-4cff-9591-7c2b5cac7839,3020a55a-a94a-454b-aa63-34b697578c0d,ncaa_26,2026,CORTEZ FLORENCE,QB,Pocket Passer,4,6,2,197,Atlanta,GA,"{""speed"": 74, ""awareness"": 71, ""break_sack"": 59, ""throw_power"": 92, ""acceleration"": 84, ""throw_on_run"": 74, ""deep_accuracy"": 76, ""short_accuracy"": 85, ""under_pressure"": 72, ""medium_accuracy"": 80}",3020a55a-a94a-454b-aa63-34b697578c0d/6f19e232-33b9-452c-8b01-ace4075aef14/1769572415098_9.png,,,,,2026-01-28 03:54:34.329416+00,2026-01-28 03:54:34.329416+00,High School,[],"[""Clearheaded"",""Field General""]",Impact,
936ab8ef-7602-42d7-ad70-afaf49ddcd80,3020a55a-a94a-454b-aa63-34b697578c0d,ncaa_26,2026,CRIS SPANN,QB,Backfield Creator,4,6,0,201,Wake Forest,NC,"{""speed"": 79, ""awareness"": 63, ""break_sack"": 75, ""throw_power"": 84, ""acceleration"": 83, ""throw_on_run"": 81, ""deep_accuracy"": 80, ""short_accuracy"": 74, ""under_pressure"": 81, ""medium_accuracy"": 75}",3020a55a-a94a-454b-aa63-34b697578c0d/9fa2c4b1-0a4d-42c8-a2af-2ecc0d28a50b/1769605847759_5.png,,,,,2026-01-28 13:11:40.736109+00,2026-01-28 13:11:40.736109+00,High School,[],"[""Clearheaded"",""Road Dog"",""Fan Favorite""]",Normal,
1eef1746-a397-47fe-a606-f9b7f775c0f9,3020a55a-a94a-454b-aa63-34b697578c0d,ncaa_26,2026,CURTIS LOBATO,QB,Dual Threat,4,6,0,198,Pensacola,FL,"{""speed"": 84, ""awareness"": 72, ""break_sack"": 66, ""throw_power"": 93, ""acceleration"": 89, ""throw_on_run"": 84, ""deep_accuracy"": 68, ""short_accuracy"": 81, ""under_pressure"": 76, ""medium_accuracy"": 80}",3020a55a-a94a-454b-aa63-34b697578c0d/305828b3-0614-45e0-86db-b80fcb17c6ee/1769574668560_16.png,,,,,2026-01-28 04:32:48.870588+00,2026-01-28 04:32:48.870588+00,High School,[],"[""Clearheaded"",""Road Dog""]",Elite,
cc8bd0dd-203b-48aa-b348-34aa78f4419e,3020a55a-a94a-454b-aa63-34b697578c0d,ncaa_26,2026,CURTIS SNEAD,QB,Pocket Passer,4,6,3,181,Green Bay,WI,"{""speed"": 76, ""awareness"": 71, ""break_sack"": 60, ""throw_power"": 91, ""acceleration"": 83, ""throw_on_run"": 71, ""deep_accuracy"": 77, ""short_accuracy"": 83, ""under_pressure"": 73, ""medium_accuracy"": 83}",3020a55a-a94a-454b-aa63-34b697578c0d/9f89286f-f6e9-4073-bfba-91f5f815cee7/1769605163084_11.png,,,,,2026-01-28 13:00:08.727084+00,2026-01-28 13:00:08.727084+00,High School,"[""Step Up""]","[""Rollercoaster"",""Fan Favorite""]",Impact,
88d7dd1b-5698-49b0-99b1-2f257953cc7f,3020a55a-a94a-454b-aa63-34b697578c0d,ncaa_26,2026,DALTON GRYMES,QB,Pocket Passer,4,6,4,178,Starkville,MS,"{""speed"": 78, ""awareness"": 75, ""break_sack"": 61, ""throw_power"": 90, ""acceleration"": 84, ""throw_on_run"": 74, ""deep_accuracy"": 73, ""short_accuracy"": 85, ""under_pressure"": 74, ""medium_accuracy"": 81}",3020a55a-a94a-454b-aa63-34b697578c0d/da35812b-39ae-4163-a3cf-1b4121d35fee/1769573165112_2.png,,,,,2026-01-28 04:07:13.675726+00,2026-01-28 04:07:13.675726+00,High School,[],"[""The Natural"",""Road Dog"",""Rollercoaster""]",Impact,green
f843946b-72a6-429c-951f-18d2bae148b5,3020a55a-a94a-454b-aa63-34b697578c0d,ncaa_26,2026,DAMARIOUS FREE,QB,Pocket Passer,4,6,3,220,Plano,TX,"{""speed"": 74, ""awareness"": 71, ""break_sack"": 61, ""throw_power"": 92, ""acceleration"": 84, ""throw_on_run"": 74, ""deep_accuracy"": 75, ""short_accuracy"": 83, ""under_pressure"": 74, ""medium_accuracy"": 83}",3020a55a-a94a-454b-aa63-34b697578c0d/6f19e232-33b9-452c-8b01-ace4075aef14/1769572422472_17.png,,,,,2026-01-28 03:55:06.955776+00,2026-01-28 03:55:06.955776+00,High School,[],"[""Winning Time""]",Impact,
f0cbb5f5-1bbb-4de6-a941-05699d786d94,3020a55a-a94a-454b-aa63-34b697578c0d,ncaa_26,2026,DAMIEN SPEARMAN,QB,Pocket Passer,4,6,2,191,Prentiss,MS,"{""speed"": 74, ""awareness"": 71, ""break_sack"": 60, ""throw_power"": 91, ""acceleration"": 82, ""throw_on_run"": 71, ""deep_accuracy"": 75, ""short_accuracy"": 84, ""under_pressure"": 73, ""medium_accuracy"": 80}",3020a55a-a94a-454b-aa63-34b697578c0d/305828b3-0614-45e0-86db-b80fcb17c6ee/1769574659188_5.png,,,,,2026-01-28 04:31:35.650337+00,2026-01-28 04:31:35.650337+00,High School,[],"[""Clearheaded"",""Rollercoaster""]",Elite,
d254b6a5-500c-46ca-9c25-3d93f4407480,3020a55a-a94a-454b-aa63-34b697578c0d,ncaa_26,2026,DANNY HILLS,QB,Dual Threat,4,5,11,190,Staten Island,NY,"{""speed"": 78, ""awareness"": 65, ""break_sack"": 65, ""throw_power"": 90, ""acceleration"": 86, ""throw_on_run"": 79, ""deep_accuracy"": 67, ""short_accuracy"": 80, ""under_pressure"": 74, ""medium_accuracy"": 80}",3020a55a-a94a-454b-aa63-34b697578c0d/b8c3c650-9ec3-4fbd-a512-147a8d8a3d43/1769550596033_14.png,,,,,2026-01-27 21:51:56.565606+00,2026-01-27 21:51:56.565606+00,High School,[],"[""Road Dog""]",Normal,red
cd229abb-558e-42ac-b4e2-b3c8a1a24044,3020a55a-a94a-454b-aa63-34b697578c0d,ncaa_26,2026,DARRELL POOLE,QB,Dual Threat,5,6,0,189,Fort Lauderdale,FL,"{""speed"": 86, ""awareness"": 72, ""break_sack"": 68, ""throw_power"": 93, ""acceleration"": 90, ""throw_on_run"": 82, ""deep_accuracy"": 71, ""short_accuracy"": 83, ""under_pressure"": 76, ""medium_accuracy"": 82}",3020a55a-a94a-454b-aa63-34b697578c0d/af3cd2cc-7c1a-4c6b-82e5-66f7ce4d46b8/1769535085638_3.png,,,,,2026-01-27 17:33:01.687626+00,2026-01-27 17:33:39.090672+00,High School,[],"[""Rollercoaster"",""Winning Time"",""Clearheaded""]",Star,
84cdda19-096d-46d7-b0f1-af5803930fee,3020a55a-a94a-454b-aa63-34b697578c0d,ncaa_26,2026,DARREN HAWKINSON,QB,Backfield Creator,4,6,2,198,Winter Park,FL,"{""speed"": 81, ""awareness"": 62, ""break_sack"": 74, ""throw_power"": 86, ""acceleration"": 84, ""throw_on_run"": 82, ""deep_accuracy"": 78, ""short_accuracy"": 77, ""under_pressure"": 78, ""medium_accuracy"": 72}",3020a55a-a94a-454b-aa63-34b697578c0d/37c01ca5-7b0b-4fe2-8041-6c2fb6efa8bc/1769603997449_10.png,,,,,2026-01-28 12:41:08.86721+00,2026-01-28 12:41:08.86721+00,High School,[],"[""Road Dog""]",Impact,
d492ca3e-5ef6-4cf0-aba2-0e48b2f246e8,3020a55a-a94a-454b-aa63-34b697578c0d,ncaa_26,2026,DARREN POWE,QB,Backfield Creator,4,6,3,222,Bixby,OK,"{""speed"": 78, ""awareness"": 67, ""break_sack"": 77, ""throw_power"": 86, ""acceleration"": 84, ""throw_on_run"": 81, ""deep_accuracy"": 80, ""short_accuracy"": 75, ""under_pressure"": 81, ""medium_accuracy"": 73}",3020a55a-a94a-454b-aa63-34b697578c0d/b8c3c650-9ec3-4fbd-a512-147a8d8a3d43/1769550598264_16.png,,,,,2026-01-27 21:52:01.891161+00,2026-01-27 21:52:01.891161+00,High School,[],"[""Road Dog"",""The Natural""]",Impact,
a9db5ac6-30d0-4d67-a816-07ddb57a1885,3020a55a-a94a-454b-aa63-34b697578c0d,ncaa_26,2026,DARRYL MOUNT,QB,Dual Threat,4,6,1,205,Alexandria,LA,"{""speed"": 82, ""awareness"": 65, ""break_sack"": 64, ""throw_power"": 90, ""acceleration"": 85, ""throw_on_run"": 80, ""deep_accuracy"": 66, ""short_accuracy"": 79, ""under_pressure"": 74, ""medium_accuracy"": 77}",3020a55a-a94a-454b-aa63-34b697578c0d/da35812b-39ae-4163-a3cf-1b4121d35fee/1769573169873_8.png,,,,,2026-01-28 04:07:30.129075+00,2026-01-28 04:07:30.129075+00,High School,[],"[""Clearheaded"",""Field General""]",Normal,
72252f32-611a-445a-8287-985eeffbc163,3020a55a-a94a-454b-aa63-34b697578c0d,ncaa_26,2026,DARRYL ROZEBOOM,QB,Backfield Creator,4,6,1,206,Fairfax,VA,"{""speed"": 81, ""awareness"": 64, ""break_sack"": 77, ""throw_power"": 84, ""acceleration"": 83, ""throw_on_run"": 80, ""deep_accuracy"": 75, ""short_accuracy"": 76, ""under_pressure"": 80, ""medium_accuracy"": 74}",3020a55a-a94a-454b-aa63-34b697578c0d/b94d59ff-6642-43ef-8d5e-09f6ba1edefb/1769536436344_2.png,,,,,2026-01-27 17:54:20.260225+00,2026-01-27 17:54:20.260225+00,High School,[],[],Normal,
a1f373e8-fc76-4612-829c-7c299c95e229,3020a55a-a94a-454b-aa63-34b697578c0d,ncaa_26,2026,DARYL STAMER,QB,Backfield Creator,4,6,3,194,Saint Francisville,LA,"{""speed"": 80, ""awareness"": 77, ""break_sack"": 75, ""throw_power"": 87, ""acceleration"": 84, ""throw_on_run"": 79, ""deep_accuracy"": 75, ""short_accuracy"": 75, ""under_pressure"": 78, ""medium_accuracy"": 77}",3020a55a-a94a-454b-aa63-34b697578c0d/da35812b-39ae-4163-a3cf-1b4121d35fee/1769573172903_12.png,,,,,2026-01-28 04:07:40.499005+00,2026-01-28 04:07:40.499005+00,High School,[],"[""Road Dog"",""Clearheaded"",""Fan Favorite""]",Impact,
c8310527-49f0-4631-b430-1652eda1466d,3020a55a-a94a-454b-aa63-34b697578c0d,ncaa_26,2026,DARYL VAUGHNS,QB,Backfield Creator,4,6,4,219,Camas,WA,"{""speed"": 83, ""awareness"": 63, ""break_sack"": 76, ""throw_power"": 87, ""acceleration"": 85, ""throw_on_run"": 82, ""deep_accuracy"": 82, ""short_accuracy"": 78, ""under_pressure"": 81, ""medium_accuracy"": 72}",3020a55a-a94a-454b-aa63-34b697578c0d/b94d59ff-6642-43ef-8d5e-09f6ba1edefb/1769536434396_0.png,,,,,2026-01-27 17:54:09.812987+00,2026-01-27 17:54:09.812987+00,High School,[],"[""Road Dog"",""Rollercoaster"",""Adrenaline""]",Impact,green
4a9cfb83-178c-4fb8-a15c-35e98444cbcd,3020a55a-a94a-454b-aa63-34b697578c0d,ncaa_26,2026,DARYLL TILLEY,QB,Backfield Creator,4,6,4,195,Mobile,AL,"{""speed"": 80, ""awareness"": 65, ""break_sack"": 74, ""throw_power"": 87, ""acceleration"": 82, ""throw_on_run"": 79, ""deep_accuracy"": 78, ""short_accuracy"": 75, ""under_pressure"": 78, ""medium_accuracy"": 72}",3020a55a-a94a-454b-aa63-34b697578c0d/305828b3-0614-45e0-86db-b80fcb17c6ee/1769574662185_9.png,,,,,2026-01-28 04:32:07.028519+00,2026-01-28 04:32:07.028519+00,High School,[],"[""Road Dog""]",Impact,
8773e16a-430d-40f1-a281-715016ffeced,3020a55a-a94a-454b-aa63-34b697578c0d,ncaa_26,2026,DAVE RUBIN,QB,Backfield Creator,4,6,3,190,Carrollton,TX,"{""speed"": 78, ""awareness"": 63, ""break_sack"": 77, ""throw_power"": 85, ""acceleration"": 85, ""throw_on_run"": 80, ""deep_accuracy"": 77, ""short_accuracy"": 76, ""under_pressure"": 78, ""medium_accuracy"": 76}",3020a55a-a94a-454b-aa63-34b697578c0d/f2e21b9b-d7a2-4474-8e17-ce3ffa2b6688/1769574925236_4.png,,,,,2026-01-28 04:36:29.359014+00,2026-01-28 04:36:29.359014+00,High School,[],[],Normal,
598c5169-4fd5-4931-a0b5-98ce1d0e4490,3020a55a-a94a-454b-aa63-34b697578c0d,ncaa_26,2026,DAVID NIJMAN,ATH,Dual Threat,4,6,2,200,Buford,GA,"{""speed"": 85, ""awareness"": 63, ""break_sack"": 82, ""throw_power"": 87, ""acceleration"": 89, ""throw_on_run"": 82, ""deep_accuracy"": 66, ""short_accuracy"": 76, ""under_pressure"": 73, ""medium_accuracy"": 74}",3020a55a-a94a-454b-aa63-34b697578c0d/b94d59ff-6642-43ef-8d5e-09f6ba1edefb/1769536439540_6.png,,,,,2026-01-27 17:54:53.877734+00,2026-01-27 17:54:53.877734+00,High School,[],"[""The Natural""]",Normal,
793e7094-8b3b-417b-a69c-e22c3ae3946d,3020a55a-a94a-454b-aa63-34b697578c0d,ncaa_26,2026,DAVID OKWUEGBUNAM,QB,Dual Threat,4,6,3,175,Fort Mill,SC,"{""speed"": 78, ""awareness"": 61, ""break_sack"": 67, ""throw_power"": 88, ""acceleration"": 86, ""throw_on_run"": 81, ""deep_accuracy"": 68, ""short_accuracy"": 81, ""under_pressure"": 74, ""medium_accuracy"": 77}",3020a55a-a94a-454b-aa63-34b697578c0d/6f19e232-33b9-452c-8b01-ace4075aef14/1769572418477_13.png,,,,,2026-01-28 03:54:56.018296+00,2026-01-28 03:54:56.018296+00,High School,[],[],Star,
cf9b72c2-2a60-4d50-b4c5-4dc35bf30f83,3020a55a-a94a-454b-aa63-34b697578c0d,ncaa_26,2026,DAVID QUITORIANO,QB,Pocket Passer,4,6,2,185,Flower Mound,TX,"{""speed"": 70, ""awareness"": 72, ""break_sack"": 61, ""throw_power"": 86, ""acceleration"": 82, ""throw_on_run"": 76, ""deep_accuracy"": 75, ""short_accuracy"": 82, ""under_pressure"": 75, ""medium_accuracy"": 82}",3020a55a-a94a-454b-aa63-34b697578c0d/9c2199e2-0b6f-4809-90e5-e39096e86588/1769606823583_5.png,,,,,2026-01-28 13:27:40.014925+00,2026-01-28 13:27:40.014925+00,High School,[],"[""Headstrong"",""Winning Time"",""Rollercoaster""]",Impact,red
3fcebd8f-366c-4931-854a-a8617755da3c,3020a55a-a94a-454b-aa63-34b697578c0d,ncaa_26,2026,DAVON MORENCY,QB,Dual Threat,4,6,3,198,Lucedale,MS,"{""speed"": 79, ""awareness"": 77, ""break_sack"": 68, ""throw_power"": 90, ""acceleration"": 88, ""throw_on_run"": 83, ""deep_accuracy"": 69, ""short_accuracy"": 82, ""under_pressure"": 77, ""medium_accuracy"": 83}",3020a55a-a94a-454b-aa63-34b697578c0d/da35812b-39ae-4163-a3cf-1b4121d35fee/1769573167576_5.png,,,,,2026-01-28 04:06:36.330081+00,2026-01-28 04:06:36.330081+00,High School,[],"[""Road Dog"",""Rollercoaster"",""The Natural""]",Normal,red
4383ff98-d84b-408c-933a-9adb92af4cc8,3020a55a-a94a-454b-aa63-34b697578c0d,ncaa_26,2026,DAWANN CALVIN,QB,Backfield Creator,4,6,4,221,Bellflower,CA,"{""speed"": 81, ""awareness"": 63, ""break_sack"": 74, ""throw_power"": 84, ""acceleration"": 85, ""throw_on_run"": 79, ""deep_accuracy"": 78, ""short_accuracy"": 77, ""under_pressure"": 80, ""medium_accuracy"": 73}",3020a55a-a94a-454b-aa63-34b697578c0d/9f89286f-f6e9-4073-bfba-91f5f815cee7/1769605161436_9.png,,,,,2026-01-28 13:00:01.785384+00,2026-01-28 13:00:01.785384+00,High School,[],"[""Adrenaline"",""The Natural"",""Rollercoaster""]",Impact,green
6a69e14f-593f-43a9-a23e-a1e71938aa7f,3020a55a-a94a-454b-aa63-34b697578c0d,ncaa_26,2026,DE'ANGELO STUBER,ATH,Dual Threat,4,6,1,199,Saint Louis,MO,"{""speed"": 87, ""awareness"": 62, ""break_sack"": 80, ""throw_power"": 84, ""acceleration"": 87, ""throw_on_run"": 82, ""deep_accuracy"": 67, ""short_accuracy"": 73, ""under_pressure"": 75, ""medium_accuracy"": 69}",3020a55a-a94a-454b-aa63-34b697578c0d/305828b3-0614-45e0-86db-b80fcb17c6ee/1769574661369_8.png,,,,,2026-01-28 04:32:01.945478+00,2026-01-28 04:32:01.945478+00,High School,[],"[""Headstrong"",""Field General"",""Rollercoaster""]",Star,
6a1d6298-2b42-46ee-8a37-3a119658833c,3020a55a-a94a-454b-aa63-34b697578c0d,ncaa_26,2026,DELL YOUNGER,QB,Backfield Creator,5,6,4,198,Alexandria,KY,"{""speed"": 78, ""awareness"": 71, ""break_sack"": 62, ""throw_power"": 91, ""acceleration"": 81, ""throw_on_run"": 76, ""deep_accuracy"": 80, ""short_accuracy"": 81, ""under_pressure"": 78, ""medium_accuracy"": 81}",3020a55a-a94a-454b-aa63-34b697578c0d/0200627a-7657-4c6d-b476-f0087982802e/1769534770705_0.png,,,,,2026-01-27 17:26:17.075705+00,2026-01-27 17:26:58.897008+00,High School,[],"[""Winning Time"",""Rollercoaster""]",Elite,
a557188e-97ce-4f92-9091-02615f2f34f4,3020a55a-a94a-454b-aa63-34b697578c0d,ncaa_26,2026,DEMARCO VIGIL,QB,Backfield Creator,4,6,3,193,Owasso,OK,"{""speed"": 81, ""awareness"": 64, ""break_sack"": 76, ""throw_power"": 85, ""acceleration"": 83, ""throw_on_run"": 82, ""deep_accuracy"": 81, ""short_accuracy"": 75, ""under_pressure"": 80, ""medium_accuracy"": 72}",3020a55a-a94a-454b-aa63-34b697578c0d/8baa810f-bdbd-4cc5-a4b6-ee6affb33bb5/1769537844208_3.png,,,,,2026-01-27 18:17:45.300816+00,2026-01-27 18:17:45.300816+00,High School,[],[],Normal,
0658297e-78d6-4011-84b4-f8aadaaaf842,3020a55a-a94a-454b-aa63-34b697578c0d,ncaa_26,2026,DEMARIO DALY,QB,Backfield Creator,4,6,4,219,Gonzales,LA,"{""speed"": 82, ""awareness"": 65, ""break_sack"": 75, ""throw_power"": 84, ""acceleration"": 85, ""throw_on_run"": 81, ""deep_accuracy"": 77, ""short_accuracy"": 76, ""under_pressure"": 78, ""medium_accuracy"": 76}",3020a55a-a94a-454b-aa63-34b697578c0d/37c01ca5-7b0b-4fe2-8041-6c2fb6efa8bc/1769603985829_0.png,,,,,2026-01-28 12:40:14.872345+00,2026-01-28 12:40:14.872345+00,High School,[],"[""Winning Time""]",Impact,
051dfb0c-24c5-4af9-be6b-a234da9d0493,3020a55a-a94a-454b-aa63-34b697578c0d,ncaa_26,2026,DENNIS SMALL,QB,Backfield Creator,4,6,0,207,Birmingham,AL,"{""speed"": 78, ""awareness"": 66, ""break_sack"": 75, ""throw_power"": 84, ""acceleration"": 82, ""throw_on_run"": 79, ""deep_accuracy"": 76, ""short_accuracy"": 78, ""under_pressure"": 78, ""medium_accuracy"": 74}",3020a55a-a94a-454b-aa63-34b697578c0d/9f89286f-f6e9-4073-bfba-91f5f815cee7/1769605167046_16.png,,,,,2026-01-28 13:00:31.006677+00,2026-01-28 13:00:31.006677+00,High School,[],"[""Rollercoaster""]",Impact,
1bc54147-2153-4d7f-8dad-5f532aca0f86,3020a55a-a94a-454b-aa63-34b697578c0d,ncaa_26,2026,DEONTAE GIDEON,QB,Dual Threat,5,6,5,196,New Orleans,LA,"{""speed"": 86, ""awareness"": 69, ""break_sack"": 67, ""throw_power"": 93, ""acceleration"": 89, ""throw_on_run"": 82, ""deep_accuracy"": 70, ""short_accuracy"": 83, ""under_pressure"": 76, ""medium_accuracy"": 82}",3020a55a-a94a-454b-aa63-34b697578c0d/9f89286f-f6e9-4073-bfba-91f5f815cee7/1769605156674_3.png,,,,,2026-01-28 12:59:44.798234+00,2026-01-28 12:59:44.798234+00,High School,[],"[""Winning Time"",""Road Dog"",""Adrenaline""]",Impact,
3948d3a0-f01f-4b8a-90db-e1e69ed42338,3020a55a-a94a-454b-aa63-34b697578c0d,ncaa_26,2026,DEREK METCHIE,QB,Backfield Creator,4,6,0,191,Daytona Beach,FL,"{""speed"": 78, ""awareness"": 65, ""break_sack"": 74, ""throw_power"": 83, ""acceleration"": 84, ""throw_on_run"": 79, ""deep_accuracy"": 74, ""short_accuracy"": 74, ""under_pressure"": 81, ""medium_accuracy"": 77}",3020a55a-a94a-454b-aa63-34b697578c0d/37c01ca5-7b0b-4fe2-8041-6c2fb6efa8bc/1769603999147_12.png,,,,,2026-01-28 12:41:18.921554+00,2026-01-28 12:41:18.921554+00,High School,[],[],Star,red
4518297d-f149-460d-aa4c-56ae6f1a012c,3020a55a-a94a-454b-aa63-34b697578c0d,ncaa_26,2026,DESEAN WHITTAKER,QB,Backfield Creator,4,6,1,214,Tampa,FL,"{""speed"": 83, ""awareness"": 82, ""break_sack"": 74, ""throw_power"": 84, ""acceleration"": 84, ""throw_on_run"": 82, ""deep_accuracy"": 79, ""short_accuracy"": 79, ""under_pressure"": 78, ""medium_accuracy"": 77}",3020a55a-a94a-454b-aa63-34b697578c0d/9fa2c4b1-0a4d-42c8-a2af-2ecc0d28a50b/1769605852471_11.png,,,,,2026-01-28 13:12:08.851686+00,2026-01-28 13:12:08.851686+00,High School,[],"[""Winning Time""]",Impact,
c3cad4de-570c-4f31-906f-b5b1977e2c11,3020a55a-a94a-454b-aa63-34b697578c0d,ncaa_26,2026,DESHAUN ELIAS,QB,Dual Threat,4,6,0,189,Germantown,TN,"{""speed"": 85, ""awareness"": 72, ""break_sack"": 68, ""throw_power"": 95, ""acceleration"": 90, ""throw_on_run"": 83, ""deep_accuracy"": 70, ""short_accuracy"": 80, ""under_pressure"": 77, ""medium_accuracy"": 82}",3020a55a-a94a-454b-aa63-34b697578c0d/37c01ca5-7b0b-4fe2-8041-6c2fb6efa8bc/1769603987694_2.png,,,,,2026-01-28 12:40:26.286298+00,2026-01-28 12:40:26.286298+00,High School,[],"[""Headstrong""]",Elite,green
8e024429-ec16-4316-939d-4688d0497c27,3020a55a-a94a-454b-aa63-34b697578c0d,ncaa_26,2026,DEVIN CONE,QB,Pocket Passer,4,6,3,200,Houston,TX,"{""speed"": 73, ""awareness"": 72, ""break_sack"": 60, ""throw_power"": 89, ""acceleration"": 80, ""throw_on_run"": 76, ""deep_accuracy"": 78, ""short_accuracy"": 83, ""under_pressure"": 75, ""medium_accuracy"": 81}",3020a55a-a94a-454b-aa63-34b697578c0d/37c01ca5-7b0b-4fe2-8041-6c2fb6efa8bc/1769604002277_15.png,,,,,2026-01-28 12:41:58.735696+00,2026-01-28 12:41:58.735696+00,High School,[],"[""Road Dog"",""Fan Favorite""]",Elite,
072aa6b3-607d-4ff0-a341-bc9ebf94ed22,3020a55a-a94a-454b-aa63-34b697578c0d,ncaa_26,2026,DEVIN CRIBBS,QB,Dual Threat,4,6,3,194,Stoughton,WI,"{""speed"": 83, ""awareness"": 65, ""break_sack"": 65, ""throw_power"": 94, ""acceleration"": 84, ""throw_on_run"": 81, ""deep_accuracy"": 69, ""short_accuracy"": 77, ""under_pressure"": 77, ""medium_accuracy"": 80}",3020a55a-a94a-454b-aa63-34b697578c0d/9c2199e2-0b6f-4809-90e5-e39096e86588/1769606821236_2.png,,,,,2026-01-28 13:27:23.267269+00,2026-01-28 13:27:23.267269+00,High School,[],"[""Headstrong""]",Impact,green
953df81c-ca70-4dc5-ab7c-ba83ffbf2fff,3020a55a-a94a-454b-aa63-34b697578c0d,ncaa_26,2026,DEVON HESTER,QB,Dual Threat,4,6,2,200,Dickinson,TX,"{""speed"": 81, ""awareness"": 62, ""break_sack"": 66, ""throw_power"": 92, ""acceleration"": 87, ""throw_on_run"": 82, ""deep_accuracy"": 68, ""short_accuracy"": 78, ""under_pressure"": 74, ""medium_accuracy"": 79}",3020a55a-a94a-454b-aa63-34b697578c0d/11992e75-3d30-4b77-b47c-8aafdf4874eb/1769538372598_15.png,,,,,2026-01-27 18:28:29.11326+00,2026-01-27 18:28:29.11326+00,High School,[],[],Star,
1d061e7e-4eca-4638-ab9e-370e23ceff5d,3020a55a-a94a-454b-aa63-34b697578c0d,ncaa_26,2026,DEVON HILL,ATH,Dual Threat,4,6,1,207,Cincinnati,OH,"{""speed"": 88, ""awareness"": 65, ""break_sack"": 82, ""throw_power"": 88, ""acceleration"": 90, ""throw_on_run"": 83, ""deep_accuracy"": 78, ""short_accuracy"": 79, ""under_pressure"": 80, ""medium_accuracy"": 71}",3020a55a-a94a-454b-aa63-34b697578c0d/9f89286f-f6e9-4073-bfba-91f5f815cee7/1769605169444_19.png,,,,,2026-01-28 13:00:48.282349+00,2026-01-28 13:00:48.282349+00,High School,[],"[""Adrenaline""]",Impact,red
1dec60c6-5ca1-4850-9178-f745ba067a65,3020a55a-a94a-454b-aa63-34b697578c0d,ncaa_26,2026,DEWAYNE BRITT,QB,Backfield Creator,4,6,4,201,Berwick,PA,"{""speed"": 80, ""awareness"": 63, ""break_sack"": 76, ""throw_power"": 85, ""acceleration"": 85, ""throw_on_run"": 82, ""deep_accuracy"": 76, ""short_accuracy"": 77, ""under_pressure"": 81, ""medium_accuracy"": 72}",3020a55a-a94a-454b-aa63-34b697578c0d/797f09be-f091-480b-a931-4f9f998af3a8/1769574342771_2.png,,,,,2026-01-28 04:26:07.275032+00,2026-01-28 04:26:07.275032+00,High School,[],"[""Clearheaded"",""Headstrong"",""Winning Time""]",Normal,
2d008126-ade1-4e12-9c56-81a69bfb8b3e,3020a55a-a94a-454b-aa63-34b697578c0d,ncaa_26,2026,DEWAYNE ROBERT,QB,Pocket Passer,5,6,6,203,Chatsworth,CA,"{""speed"": 78, ""awareness"": 77, ""break_sack"": 59, ""throw_power"": 92, ""acceleration"": 80, ""throw_on_run"": 79, ""deep_accuracy"": 78, ""short_accuracy"": 84, ""under_pressure"": 77, ""medium_accuracy"": 85}",3020a55a-a94a-454b-aa63-34b697578c0d/9c2199e2-0b6f-4809-90e5-e39096e86588/1769606830625_14.png,,,,,2026-01-28 13:28:35.644166+00,2026-01-28 13:28:35.644166+00,High School,"[""Step Up""]","[""Road Dog""]",Star,
45034eab-44aa-483b-ae8c-2c6ed39e0d92,3020a55a-a94a-454b-aa63-34b697578c0d,ncaa_26,2026,DIEGO LAGUDA,QB,Pocket Passer,4,6,3,224,Lake Arrowhead,CA,"{""speed"": 76, ""awareness"": 71, ""break_sack"": 59, ""throw_power"": 89, ""acceleration"": 80, ""throw_on_run"": 73, ""deep_accuracy"": 73, ""short_accuracy"": 84, ""under_pressure"": 72, ""medium_accuracy"": 81}",3020a55a-a94a-454b-aa63-34b697578c0d/f2fe5934-35a4-417c-bd51-f65da55000b0/1769606259811_6.png,,,,,2026-01-28 13:18:27.210333+00,2026-01-28 13:18:27.210333+00,High School,[],"[""Adrenaline"",""Clearheaded"",""The Natural""]",Normal,green
2c984d5a-9ffa-408b-a7d1-836a6be92f11,3020a55a-a94a-454b-aa63-34b697578c0d,ncaa_26,2026,DILLON ANDERS,QB,Backfield Creator,4,6,0,217,Chicago,IL,"{""speed"": 78, ""awareness"": 62, ""break_sack"": 77, ""throw_power"": 84, ""acceleration"": 83, ""throw_on_run"": 80, ""deep_accuracy"": 75, ""short_accuracy"": 77, ""under_pressure"": 81, ""medium_accuracy"": 75}",3020a55a-a94a-454b-aa63-34b697578c0d/58073f05-ea50-4f84-a461-60462810cc4d/1769535520129_16.png,,,,,2026-01-27 17:39:44.970763+00,2026-01-27 17:39:44.970763+00,High School,[],"[""Headstrong"",""Rollercoaster"",""Clearheaded""]",Impact,
17e91635-87c8-4809-9e9a-fcc62dd466f9,3020a55a-a94a-454b-aa63-34b697578c0d,ncaa_26,2026,DILLON BOSCH,ATH,Dual Threat,4,6,1,214,Orange,CA,"{""speed"": 86, ""awareness"": 64, ""break_sack"": 84, ""throw_power"": 88, ""acceleration"": 87, ""throw_on_run"": 84, ""deep_accuracy"": 70, ""short_accuracy"": 79, ""under_pressure"": 68, ""medium_accuracy"": 76}",3020a55a-a94a-454b-aa63-34b697578c0d/9f89286f-f6e9-4073-bfba-91f5f815cee7/1769605168644_18.png,,,,,2026-01-28 13:00:53.648806+00,2026-01-28 13:00:53.648806+00,High School,"[""Extender""]","[""Winning Time""]",Star,green
d47ff7d4-3640-4655-893c-327044c1f858,3020a55a-a94a-454b-aa63-34b697578c0d,ncaa_26,2026,DOMINICK MEESTER,QB,Dual Threat,4,6,3,180,Tuscaloosa,AL,"{""speed"": 80, ""awareness"": 65, ""break_sack"": 65, ""throw_power"": 91, ""acceleration"": 87, ""throw_on_run"": 82, ""deep_accuracy"": 67, ""short_accuracy"": 79, ""under_pressure"": 75, ""medium_accuracy"": 79}",3020a55a-a94a-454b-aa63-34b697578c0d/da35812b-39ae-4163-a3cf-1b4121d35fee/1769573177198_16.png,,,,,2026-01-28 04:07:50.577657+00,2026-01-28 04:07:50.577657+00,High School,[],[],Normal,
e0101b50-c5cd-45bd-ae4a-87e63ded5f97,3020a55a-a94a-454b-aa63-34b697578c0d,ncaa_26,2026,DONAVAN LANDRY,QB,Dual Threat,4,6,0,214,Atlanta,GA,"{""speed"": 80, ""awareness"": 61, ""break_sack"": 67, ""throw_power"": 93, ""acceleration"": 87, ""throw_on_run"": 81, ""deep_accuracy"": 68, ""short_accuracy"": 76, ""under_pressure"": 76, ""medium_accuracy"": 78}",3020a55a-a94a-454b-aa63-34b697578c0d/625c202e-0cb5-408c-9fd5-d476742d073e/1769607504007_4.png,,,,,2026-01-28 13:39:40.625753+00,2026-01-28 13:39:40.625753+00,High School,[],"[""Headstrong"",""The Natural""]",Normal,
2916e205-b8f2-46e2-94f8-12de501aa211,3020a55a-a94a-454b-aa63-34b697578c0d,ncaa_26,2026,DONTE MAHAN,QB,Pure Runner,4,6,0,209,Killeen,TX,"{""speed"": 82, ""awareness"": 69, ""break_sack"": 71, ""throw_power"": 79, ""acceleration"": 86, ""throw_on_run"": 83, ""deep_accuracy"": 71, ""short_accuracy"": 74, ""under_pressure"": 70, ""medium_accuracy"": 69}",3020a55a-a94a-454b-aa63-34b697578c0d/58073f05-ea50-4f84-a461-60462810cc4d/1769535509989_5.png,,,,,2026-01-27 17:39:12.754303+00,2026-01-27 17:59:19.56444+00,High School,"[""Magician"",""Workhorse""]",[],Impact,red
b7692360-8417-4292-9659-f6325ec686a1,3020a55a-a94a-454b-aa63-34b697578c0d,ncaa_26,2026,DONTE MOCH,ATH,Dual Threat,4,6,5,202,Springdale,AR,"{""speed"": 84, ""awareness"": 82, ""break_sack"": 77, ""throw_power"": 88, ""acceleration"": 89, ""throw_on_run"": 82, ""deep_accuracy"": 67, ""short_accuracy"": 73, ""under_pressure"": 69, ""medium_accuracy"": 73}",3020a55a-a94a-454b-aa63-34b697578c0d/da35812b-39ae-4163-a3cf-1b4121d35fee/1769573173735_13.png,,,,,2026-01-28 04:06:57.830465+00,2026-01-28 04:06:57.830465+00,High School,[],"[""Field General"",""The Natural""]",Impact,
b2b01512-f4aa-46c7-8e1f-54e8716fe5bf,3020a55a-a94a-454b-aa63-34b697578c0d,ncaa_26,2026,DOUG GAITER,ATH,Dual Threat,5,6,2,221,Carol Stream,IL,"{""speed"": 87, ""awareness"": 65, ""break_sack"": 84, ""throw_power"": 92, ""acceleration"": 88, ""throw_on_run"": 82, ""deep_accuracy"": 76, ""short_accuracy"": 76, ""under_pressure"": 74, ""medium_accuracy"": 79}",3020a55a-a94a-454b-aa63-34b697578c0d/a342ce80-d121-447f-8178-098d349cc036/1769573472441_17.png,,,,,2026-01-28 04:13:02.487017+00,2026-01-28 04:13:02.487017+00,High School,"[""Extender""]","[""Road Dog""]",Star,
91886c8d-5100-4159-8406-e3fed3c81272,3020a55a-a94a-454b-aa63-34b697578c0d,ncaa_26,2026,EARL PACK,ATH,Dual Threat,4,6,3,194,New Orleans,LA,"{""speed"": 87, ""awareness"": 69, ""break_sack"": 85, ""throw_power"": 88, ""acceleration"": 88, ""throw_on_run"": 85, ""deep_accuracy"": 69, ""short_accuracy"": 82, ""under_pressure"": 72, ""medium_accuracy"": 76}",3020a55a-a94a-454b-aa63-34b697578c0d/11992e75-3d30-4b77-b47c-8aafdf4874eb/1769538373314_16.png,,,,,2026-01-27 18:28:34.152743+00,2026-01-27 18:28:34.152743+00,High School,"[""Extender""]",[],Impact,
6ed223da-0e88-46c9-a12a-5680aa29f64b,3020a55a-a94a-454b-aa63-34b697578c0d,ncaa_26,2026,ELI ZIMMONS,QB,Backfield Creator,4,6,1,191,Starkville,MS,"{""speed"": 80, ""awareness"": 67, ""break_sack"": 76, ""throw_power"": 84, ""acceleration"": 83, ""throw_on_run"": 80, ""deep_accuracy"": 75, ""short_accuracy"": 76, ""under_pressure"": 78, ""medium_accuracy"": 76}",3020a55a-a94a-454b-aa63-34b697578c0d/58073f05-ea50-4f84-a461-60462810cc4d/1769535515534_11.png,,,,,2026-01-27 17:40:02.942384+00,2026-01-27 17:40:02.942384+00,High School,[],"[""Adrenaline"",""The Natural""]",Star,
99e63dc4-7a2b-4e2a-82c4-46d1e89090e5,3020a55a-a94a-454b-aa63-34b697578c0d,ncaa_26,2026,ELIJAH AMERSON,QB,Dual Threat,5,6,1,185,Mansfield,TX,"{""speed"": 83, ""awareness"": 81, ""break_sack"": 67, ""throw_power"": 92, ""acceleration"": 87, ""throw_on_run"": 81, ""deep_accuracy"": 71, ""short_accuracy"": 82, ""under_pressure"": 76, ""medium_accuracy"": 83}",3020a55a-a94a-454b-aa63-34b697578c0d/200bf608-a342-4187-b6fa-74407a59ab19/1769572232287_12.png,,,,,2026-01-28 03:52:06.286841+00,2026-01-28 03:52:06.286841+00,High School,[],"[""Rollercoaster"",""Road Dog"",""Fan Favorite""]",Star,
f3cd4916-f3e2-45fc-ab0e-4057f11a073d,3020a55a-a94a-454b-aa63-34b697578c0d,ncaa_26,2026,ELIJAH HURT,QB,Backfield Creator,4,6,2,197,Columbus,MS,"{""speed"": 79, ""awareness"": 65, ""break_sack"": 77, ""throw_power"": 85, ""acceleration"": 83, ""throw_on_run"": 81, ""deep_accuracy"": 80, ""short_accuracy"": 74, ""under_pressure"": 81, ""medium_accuracy"": 73}",3020a55a-a94a-454b-aa63-34b697578c0d/200bf608-a342-4187-b6fa-74407a59ab19/1769572228875_8.png,,,,,2026-01-28 03:51:53.643375+00,2026-01-28 03:51:53.643375+00,High School,[],"[""Clearheaded"",""Adrenaline"",""Winning Time""]",Elite,green
4cc2e112-45b4-4833-b8b7-9ec88276795d,3020a55a-a94a-454b-aa63-34b697578c0d,ncaa_26,2026,EMANUEL JONES,QB,Dual Threat,4,6,3,197,McKenzie,TN,"{""speed"": 79, ""awareness"": 67, ""break_sack"": 65, ""throw_power"": 90, ""acceleration"": 84, ""throw_on_run"": 82, ""deep_accuracy"": 67, ""short_accuracy"": 80, ""under_pressure"": 77, ""medium_accuracy"": 79}",3020a55a-a94a-454b-aa63-34b697578c0d/200bf608-a342-4187-b6fa-74407a59ab19/1769572226977_6.png,,,,,2026-01-28 03:51:48.478242+00,2026-01-28 03:51:48.478242+00,High School,[],[],Star,
0d98a5bb-a33a-48a0-864b-5cd0d7852694,3020a55a-a94a-454b-aa63-34b697578c0d,ncaa_26,2026,EMMETT AZUMAH,QB,Backfield Creator,4,6,4,205,Chula Vista,CA,"{""speed"": 80, ""awareness"": 65, ""break_sack"": 75, ""throw_power"": 87, ""acceleration"": 84, ""throw_on_run"": 82, ""deep_accuracy"": 75, ""short_accuracy"": 76, ""under_pressure"": 78, ""medium_accuracy"": 75}",3020a55a-a94a-454b-aa63-34b697578c0d/625c202e-0cb5-408c-9fd5-d476742d073e/1769607505039_5.png,,,,,2026-01-28 13:38:50.06672+00,2026-01-28 13:38:50.06672+00,High School,[],"[""Road Dog"",""The Natural"",""Field General""]",Star,
0010dad8-2987-4910-94ce-479a48298f28,3020a55a-a94a-454b-aa63-34b697578c0d,ncaa_26,2026,ENRIQUE CORNER,QB,Backfield Creator,4,6,1,201,Roswell,GA,"{""speed"": 80, ""awareness"": 64, ""break_sack"": 75, ""throw_power"": 87, ""acceleration"": 82, ""throw_on_run"": 79, ""deep_accuracy"": 77, ""short_accuracy"": 74, ""under_pressure"": 79, ""medium_accuracy"": 72}",3020a55a-a94a-454b-aa63-34b697578c0d/9fa2c4b1-0a4d-42c8-a2af-2ecc0d28a50b/1769605854035_13.png,,,,,2026-01-28 13:12:14.43272+00,2026-01-28 13:12:14.43272+00,High School,[],"[""Adrenaline""]",Normal,
08e01290-9de6-4df6-bd3d-3d5db4e8235e,3020a55a-a94a-454b-aa63-34b697578c0d,ncaa_26,2026,ENRIQUE TREJO,QB,Pocket Passer,4,6,4,206,Port Arthur,TX,"{""speed"": 73, ""awareness"": 71, ""break_sack"": 62, ""throw_power"": 89, ""acceleration"": 78, ""throw_on_run"": 74, ""deep_accuracy"": 78, ""short_accuracy"": 83, ""under_pressure"": 75, ""medium_accuracy"": 83}",3020a55a-a94a-454b-aa63-34b697578c0d/9fa2c4b1-0a4d-42c8-a2af-2ecc0d28a50b/1769605850206_8.png,,,,,2026-01-28 13:11:52.555777+00,2026-01-28 13:11:52.555777+00,High School,"[""Step Up""]","[""The Natural"",""Winning Time"",""Clearheaded""]",Normal,
34eca74c-fbd1-4a9c-bd8e-4b9045ba9827,3020a55a-a94a-454b-aa63-34b697578c0d,ncaa_26,2026,ERIC CASTONZO,QB,Pocket Passer,4,6,4,205,Seminole,TX,"{""speed"": 76, ""awareness"": 75, ""break_sack"": 60, ""throw_power"": 89, ""acceleration"": 83, ""throw_on_run"": 74, ""deep_accuracy"": 76, ""short_accuracy"": 85, ""under_pressure"": 72, ""medium_accuracy"": 82}",3020a55a-a94a-454b-aa63-34b697578c0d/305828b3-0614-45e0-86db-b80fcb17c6ee/1769574665547_13.png,,,,,2026-01-28 04:32:28.115063+00,2026-01-28 04:32:28.115063+00,High School,[],[],Normal,
8d016521-5b4b-43f6-98c0-c507d776e546,3020a55a-a94a-454b-aa63-34b697578c0d,ncaa_26,2026,ERIC PEREZ,ATH,Dual Threat,4,6,5,218,Dallas,TX,"{""speed"": 85, ""awareness"": 85, ""break_sack"": 80, ""throw_power"": 90, ""acceleration"": 89, ""throw_on_run"": 85, ""deep_accuracy"": 65, ""short_accuracy"": 72, ""under_pressure"": 69, ""medium_accuracy"": 73}",3020a55a-a94a-454b-aa63-34b697578c0d/9f89286f-f6e9-4073-bfba-91f5f815cee7/1769605163850_12.png,,,,,2026-01-28 13:00:20.066683+00,2026-01-28 13:00:20.066683+00,High School,[],"[""Headstrong"",""The Natural""]",Star,green
6d1339ff-5051-4a8b-a629-db7dcbdfe723,3020a55a-a94a-454b-aa63-34b697578c0d,ncaa_26,2026,ERIC SLAY,QB,Pocket Passer,4,6,3,199,Dalton,GA,"{""speed"": 78, ""awareness"": 74, ""break_sack"": 60, ""throw_power"": 92, ""acceleration"": 83, ""throw_on_run"": 75, ""deep_accuracy"": 75, ""short_accuracy"": 82, ""under_pressure"": 75, ""medium_accuracy"": 80}",3020a55a-a94a-454b-aa63-34b697578c0d/305828b3-0614-45e0-86db-b80fcb17c6ee/1769574664815_12.png,,,,,2026-01-28 04:32:23.208903+00,2026-01-28 04:32:23.208903+00,High School,[],"[""Rollercoaster"",""Road Dog"",""Winning Time""]",Star,
1368be21-b042-499f-aafe-21f09a240b16,3020a55a-a94a-454b-aa63-34b697578c0d,ncaa_26,2026,EVERETT VAN LANEN,QB,Dual Threat,4,6,4,182,Washington,MD,"{""speed"": 78, ""awareness"": 81, ""break_sack"": 67, ""throw_power"": 91, ""acceleration"": 86, ""throw_on_run"": 81, ""deep_accuracy"": 68, ""short_accuracy"": 80, ""under_pressure"": 76, ""medium_accuracy"": 78}",3020a55a-a94a-454b-aa63-34b697578c0d/200bf608-a342-4187-b6fa-74407a59ab19/1769572230756_10.png,,,,,2026-01-28 03:51:59.605176+00,2026-01-28 03:51:59.605176+00,High School,[],"[""The Natural"",""Headstrong"",""Road Dog""]",Normal,red
684c7c87-e7ee-4b13-819e-4ba52e2f6b60,3020a55a-a94a-454b-aa63-34b697578c0d,ncaa_26,2026,EZEKIEL THOMPSON,QB,Pocket Passer,4,6,4,209,Tacoma,WA,"{""speed"": 81, ""awareness"": 75, ""break_sack"": 62, ""throw_power"": 93, ""acceleration"": 76, ""throw_on_run"": 72, ""deep_accuracy"": 78, ""short_accuracy"": 83, ""under_pressure"": 73, ""medium_accuracy"": 80}",3020a55a-a94a-454b-aa63-34b697578c0d/9c2199e2-0b6f-4809-90e5-e39096e86588/1769606824365_6.png,,,,,2026-01-28 13:27:50.43687+00,2026-01-28 13:27:50.43687+00,High School,[],"[""Adrenaline""]",Impact,green
6090b445-bfcb-4463-9086-3e7fa509f616,3020a55a-a94a-454b-aa63-34b697578c0d,ncaa_26,2026,FABIAN FIGURS,QB,Backfield Creator,4,6,0,212,Oakdale,CT,"{""speed"": 83, ""awareness"": 80, ""break_sack"": 76, ""throw_power"": 88, ""acceleration"": 83, ""throw_on_run"": 80, ""deep_accuracy"": 78, ""short_accuracy"": 79, ""under_pressure"": 78, ""medium_accuracy"": 73}",3020a55a-a94a-454b-aa63-34b697578c0d/4ed88b2b-2a63-4bfd-a896-3868da5c78f3/1769573703369_9.png,,,,,2026-01-28 04:15:32.897211+00,2026-01-28 04:15:32.897211+00,High School,[],"[""Winning Time""]",Star,green
cc1a434a-bcd3-48ed-a6ad-95f9140a0363,3020a55a-a94a-454b-aa63-34b697578c0d,ncaa_26,2026,FETU TUIMAUNEI,QB,Pocket Passer,4,6,3,214,Long Beach,CA,"{""speed"": 77, ""awareness"": 72, ""break_sack"": 59, ""throw_power"": 91, ""acceleration"": 76, ""throw_on_run"": 76, ""deep_accuracy"": 74, ""short_accuracy"": 85, ""under_pressure"": 74, ""medium_accuracy"": 81}",3020a55a-a94a-454b-aa63-34b697578c0d/11992e75-3d30-4b77-b47c-8aafdf4874eb/1769538369618_11.png,,,,,2026-01-27 18:27:54.764361+00,2026-01-27 18:27:54.764361+00,High School,[],"[""Clearheaded"",""The Natural"",""Rollercoaster""]",Impact,
8656da99-0500-41f8-904c-6320498f66c8,3020a55a-a94a-454b-aa63-34b697578c0d,ncaa_26,2026,FLOYD REESHAD,QB,Pocket Passer,4,6,5,217,Salem,OR,"{""speed"": 78, ""awareness"": 72, ""break_sack"": 57, ""throw_power"": 89, ""acceleration"": 77, ""throw_on_run"": 76, ""deep_accuracy"": 75, ""short_accuracy"": 84, ""under_pressure"": 74, ""medium_accuracy"": 83}",3020a55a-a94a-454b-aa63-34b697578c0d/58073f05-ea50-4f84-a461-60462810cc4d/1769535514818_10.png,,,,,2026-01-27 17:39:28.985183+00,2026-01-27 17:39:28.985183+00,High School,"[""Step Up""]",[],Impact,
f24e4554-d233-4284-9cd8-ba91ef3690b9,3020a55a-a94a-454b-aa63-34b697578c0d,ncaa_26,2026,FLOYD WICK,QB,Dual Threat,4,6,3,201,Elba,AL,"{""speed"": 83, ""awareness"": 71, ""break_sack"": 67, ""throw_power"": 92, ""acceleration"": 88, ""throw_on_run"": 81, ""deep_accuracy"": 70, ""short_accuracy"": 82, ""under_pressure"": 76, ""medium_accuracy"": 82}",3020a55a-a94a-454b-aa63-34b697578c0d/305828b3-0614-45e0-86db-b80fcb17c6ee/1769574655376_1.png,,,,,2026-01-28 04:31:23.223564+00,2026-01-28 04:31:23.223564+00,High School,[],"[""Fan Favorite"",""Headstrong"",""The Natural""]",Star,
60cfcd82-a972-4334-9298-08631e9487a1,3020a55a-a94a-454b-aa63-34b697578c0d,ncaa_26,2026,FREDERICK EDMOND,QB,Dual Threat,4,6,3,206,Vero Beach,FL,"{""speed"": 80, ""awareness"": 62, ""break_sack"": 64, ""throw_power"": 88, ""acceleration"": 87, ""throw_on_run"": 82, ""deep_accuracy"": 67, ""short_accuracy"": 76, ""under_pressure"": 74, ""medium_accuracy"": 77}",3020a55a-a94a-454b-aa63-34b697578c0d/797f09be-f091-480b-a931-4f9f998af3a8/1769574350096_11.png,,,,,2026-01-28 04:27:00.578886+00,2026-01-28 04:27:00.578886+00,High School,[],"[""Winning Time""]",Normal,
f90d5b9d-ad9a-4fc0-978e-78e869e0d7bb,3020a55a-a94a-454b-aa63-34b697578c0d,ncaa_26,2026,FREDERICK KELLER,QB,Dual Threat,5,6,2,207,Atlanta,GA,"{""speed"": 82, ""awareness"": 69, ""break_sack"": 66, ""throw_power"": 94, ""acceleration"": 90, ""throw_on_run"": 83, ""deep_accuracy"": 69, ""short_accuracy"": 83, ""under_pressure"": 76, ""medium_accuracy"": 83}",3020a55a-a94a-454b-aa63-34b697578c0d/9fa2c4b1-0a4d-42c8-a2af-2ecc0d28a50b/1769605855584_15.png,,,,,2026-01-28 13:12:30.822088+00,2026-01-28 13:12:30.822088+00,High School,[],"[""Rollercoaster""]",Elite,
3755592f-0c59-4fd7-8386-9f36539a9e43,3020a55a-a94a-454b-aa63-34b697578c0d,ncaa_26,2026,GABE EPENESA,QB,Backfield Creator,4,6,2,194,Aubrey,TX,"{""speed"": 84, ""awareness"": 64, ""break_sack"": 75, ""throw_power"": 86, ""acceleration"": 83, ""throw_on_run"": 80, ""deep_accuracy"": 76, ""short_accuracy"": 78, ""under_pressure"": 80, ""medium_accuracy"": 75}",3020a55a-a94a-454b-aa63-34b697578c0d/f2e21b9b-d7a2-4474-8e17-ce3ffa2b6688/1769574929348_9.png,,,,,2026-01-28 04:36:07.275663+00,2026-01-28 04:36:07.275663+00,High School,[],"[""Adrenaline"",""Fan Favorite""]",Impact,green
3ed75222-6d78-4049-96fd-51385aa88ce6,3020a55a-a94a-454b-aa63-34b697578c0d,ncaa_26,2026,GARRET CLEVELAND,QB,Pocket Passer,4,6,5,181,Morristown,NJ,"{""speed"": 79, ""awareness"": 71, ""break_sack"": 58, ""throw_power"": 93, ""acceleration"": 80, ""throw_on_run"": 76, ""deep_accuracy"": 79, ""short_accuracy"": 82, ""under_pressure"": 73, ""medium_accuracy"": 81}",3020a55a-a94a-454b-aa63-34b697578c0d/da35812b-39ae-4163-a3cf-1b4121d35fee/1769573165911_3.png,,,,,2026-01-28 04:06:30.206153+00,2026-01-28 04:06:30.206153+00,High School,[],"[""Fan Favorite"",""The Natural""]",Impact,green
59591472-4f68-410a-903d-2ad75bde1334,3020a55a-a94a-454b-aa63-34b697578c0d,ncaa_26,2026,GARRISON DUARTE,ATH,Dual Threat,4,6,0,199,Jefferson,GA,"{""speed"": 86, ""awareness"": 77, ""break_sack"": 72, ""throw_power"": 94, ""acceleration"": 88, ""throw_on_run"": 77, ""deep_accuracy"": 83, ""short_accuracy"": 87, ""under_pressure"": 74, ""medium_accuracy"": 85}",3020a55a-a94a-454b-aa63-34b697578c0d/a342ce80-d121-447f-8178-098d349cc036/1769573459857_2.png,,,,,2026-01-28 04:11:24.876834+00,2026-01-28 04:11:24.876834+00,High School,[],"[""Winning Time"",""Rollercoaster"",""Adrenaline""]",Star,
cc987a3e-90fe-4ae4-bb4d-fa198cd4135b,3020a55a-a94a-454b-aa63-34b697578c0d,ncaa_26,2026,GARRISON FLINN,QB,Backfield Creator,4,6,0,208,Rock Hill,SC,"{""speed"": 79, ""awareness"": 67, ""break_sack"": 77, ""throw_power"": 84, ""acceleration"": 83, ""throw_on_run"": 80, ""deep_accuracy"": 81, ""short_accuracy"": 77, ""under_pressure"": 78, ""medium_accuracy"": 72}",3020a55a-a94a-454b-aa63-34b697578c0d/f2fe5934-35a4-417c-bd51-f65da55000b0/1769606260610_7.png,,,,,2026-01-28 13:18:32.543803+00,2026-01-28 13:18:32.543803+00,High School,[],[],Star,
8831dc7a-5f1f-467e-8f27-03c321fd083a,3020a55a-a94a-454b-aa63-34b697578c0d,ncaa_26,2026,GIDEON OMIYALE,QB,Backfield Creator,4,6,3,205,Port Saint Lucie,FL,"{""speed"": 80, ""awareness"": 62, ""break_sack"": 75, ""throw_power"": 85, ""acceleration"": 84, ""throw_on_run"": 79, ""deep_accuracy"": 80, ""short_accuracy"": 74, ""under_pressure"": 78, ""medium_accuracy"": 77}",3020a55a-a94a-454b-aa63-34b697578c0d/8baa810f-bdbd-4cc5-a4b6-ee6affb33bb5/1769537845007_4.png,,,,,2026-01-27 18:18:00.011605+00,2026-01-27 18:18:00.011605+00,High School,[],[],Normal,
d6b56ed3-d923-4601-8da0-26b101a11309,3020a55a-a94a-454b-aa63-34b697578c0d,ncaa_26,2026,GILBERT MADDEN,QB,Pocket Passer,4,6,4,175,Bradenton,FL,"{""speed"": 80, ""awareness"": 74, ""break_sack"": 61, ""throw_power"": 90, ""acceleration"": 83, ""throw_on_run"": 76, ""deep_accuracy"": 74, ""short_accuracy"": 83, ""under_pressure"": 72, ""medium_accuracy"": 83}",3020a55a-a94a-454b-aa63-34b697578c0d/a342ce80-d121-447f-8178-098d349cc036/1769573459058_1.png,,,,,2026-01-28 04:11:30.575551+00,2026-01-28 04:11:30.575551+00,High School,"[""Step Up""]","[""Headstrong"",""Clearheaded""]",Normal,
6af08400-49bb-4ea0-ad10-21d477b428a6,3020a55a-a94a-454b-aa63-34b697578c0d,ncaa_26,2026,GRANT CUMMINS,QB,Backfield Creator,4,6,0,212,Franklin,TN,"{""speed"": 81, ""awareness"": 66, ""break_sack"": 75, ""throw_power"": 86, ""acceleration"": 83, ""throw_on_run"": 80, ""deep_accuracy"": 80, ""short_accuracy"": 76, ""under_pressure"": 78, ""medium_accuracy"": 77}",3020a55a-a94a-454b-aa63-34b697578c0d/305828b3-0614-45e0-86db-b80fcb17c6ee/1769574659921_6.png,,,,,2026-01-28 04:31:56.524356+00,2026-01-28 04:31:56.524356+00,High School,[],[],Impact,
b506d299-ee84-4f4d-b8a3-30ad356bcc92,3020a55a-a94a-454b-aa63-34b697578c0d,ncaa_26,2026,GREG CAPRA,ATH,Dual Threat,4,6,5,210,Baton Rouge,LA,"{""speed"": 81, ""awareness"": 64, ""break_sack"": 86, ""throw_power"": 88, ""acceleration"": 87, ""throw_on_run"": 84, ""deep_accuracy"": 70, ""short_accuracy"": 82, ""under_pressure"": 68, ""medium_accuracy"": 75}",3020a55a-a94a-454b-aa63-34b697578c0d/9fa2c4b1-0a4d-42c8-a2af-2ecc0d28a50b/1769605844679_1.png,,,,,2026-01-28 13:11:17.261656+00,2026-01-28 13:11:17.261656+00,High School,"[""Extender""]","[""The Natural""]",Normal,
8ed13f16-d391-4723-8784-b16d31fe7f42,3020a55a-a94a-454b-aa63-34b697578c0d,ncaa_26,2026,GREG COLLIER,QB,Pure Runner,4,6,1,205,Memphis,TN,"{""speed"": 85, ""awareness"": 71, ""break_sack"": 71, ""throw_power"": 82, ""acceleration"": 89, ""throw_on_run"": 83, ""deep_accuracy"": 71, ""short_accuracy"": 75, ""under_pressure"": 67, ""medium_accuracy"": 72}",3020a55a-a94a-454b-aa63-34b697578c0d/9fa2c4b1-0a4d-42c8-a2af-2ecc0d28a50b/1769605853286_12.png,,,,,2026-01-28 13:12:19.481169+00,2026-01-28 13:12:19.481169+00,High School,"[""Magician""]","[""Road Dog""]",Normal,
08108581-1722-49e6-b596-62c78d0ec6ea,3020a55a-a94a-454b-aa63-34b697578c0d,ncaa_26,2026,GREG EMERY,QB,Backfield Creator,4,6,0,211,Brooklyn,NY,"{""speed"": 79, ""awareness"": 64, ""break_sack"": 77, ""throw_power"": 84, ""acceleration"": 83, ""throw_on_run"": 81, ""deep_accuracy"": 82, ""short_accuracy"": 79, ""under_pressure"": 79, ""medium_accuracy"": 75}",3020a55a-a94a-454b-aa63-34b697578c0d/a342ce80-d121-447f-8178-098d349cc036/1769573467813_12.png,,,,,2026-01-28 04:12:39.252389+00,2026-01-28 04:12:39.252389+00,High School,[],"[""Field General"",""Fan Favorite"",""Winning Time""]",Star,
12bcaf32-b26b-4674-a15f-07acfa5fac81,3020a55a-a94a-454b-aa63-34b697578c0d,ncaa_26,2026,GREG SHOEMAKER,QB,Dual Threat,4,6,3,188,Montgomery,AL,"{""speed"": 78, ""awareness"": 62, ""break_sack"": 66, ""throw_power"": 93, ""acceleration"": 84, ""throw_on_run"": 82, ""deep_accuracy"": 68, ""short_accuracy"": 78, ""under_pressure"": 74, ""medium_accuracy"": 78}",3020a55a-a94a-454b-aa63-34b697578c0d/11992e75-3d30-4b77-b47c-8aafdf4874eb/1769538374096_17.png,,,,,2026-01-27 18:28:39.570516+00,2026-01-27 18:28:39.570516+00,High School,[],"[""Road Dog""]",Impact,
cd59603e-9da1-4cc8-89aa-6085de1115dd,3020a55a-a94a-454b-aa63-34b697578c0d,ncaa_26,2026,HAKEEM UWAEZUOKE,QB,Dual Threat,4,6,5,181,Alabaster,AL,"{""speed"": 76, ""awareness"": 65, ""break_sack"": 66, ""throw_power"": 89, ""acceleration"": 84, ""throw_on_run"": 82, ""deep_accuracy"": 66, ""short_accuracy"": 78, ""under_pressure"": 77, ""medium_accuracy"": 77}",3020a55a-a94a-454b-aa63-34b697578c0d/9fa2c4b1-0a4d-42c8-a2af-2ecc0d28a50b/1769605851738_10.png,,,,,2026-01-28 13:12:03.570378+00,2026-01-28 13:12:03.570378+00,High School,[],[],Impact,
e3e84085-7085-4b19-86da-0b0fc622a686,3020a55a-a94a-454b-aa63-34b697578c0d,ncaa_26,2026,HARVEY HOWERTON,QB,Dual Threat,4,6,2,209,Mobile,AL,"{""speed"": 82, ""awareness"": 67, ""break_sack"": 68, ""throw_power"": 94, ""acceleration"": 90, ""throw_on_run"": 84, ""deep_accuracy"": 70, ""short_accuracy"": 80, ""under_pressure"": 77, ""medium_accuracy"": 82}",3020a55a-a94a-454b-aa63-34b697578c0d/9f89286f-f6e9-4073-bfba-91f5f815cee7/1769605155825_2.png,,,,,2026-01-28 13:01:04.679463+00,2026-01-28 13:01:04.679463+00,High School,[],"[""The Natural""]",Elite,
6948c526-8d12-4cbc-88e4-efbfdb8480df,3020a55a-a94a-454b-aa63-34b697578c0d,ncaa_26,2026,I. GENUS,ATH,Dual Threat,4,6,4,221,Long Beach,CA,"{""speed"": 88, ""awareness"": 61, ""break_sack"": 83, ""throw_power"": 85, ""acceleration"": 87, ""throw_on_run"": 83, ""deep_accuracy"": 66, ""short_accuracy"": 72, ""under_pressure"": 71, ""medium_accuracy"": 70}",3020a55a-a94a-454b-aa63-34b697578c0d/625c202e-0cb5-408c-9fd5-d476742d073e/1769607499928_0.png,,,,,2026-01-28 13:39:28.282749+00,2026-01-28 13:39:28.282749+00,High School,"[""Extender""]","[""Rollercoaster"",""Road Dog"",""Clearheaded""]",Normal,
10c91f31-a84d-43bd-9ed0-17e219c51aa4,3020a55a-a94a-454b-aa63-34b697578c0d,ncaa_26,2026,IAN BOOZER,QB,Dual Threat,4,5,11,197,Mission Viejo,CA,"{""speed"": 76, ""awareness"": 71, ""break_sack"": 67, ""throw_power"": 86, ""acceleration"": 85, ""throw_on_run"": 80, ""deep_accuracy"": 67, ""short_accuracy"": 79, ""under_pressure"": 74, ""medium_accuracy"": 79}",3020a55a-a94a-454b-aa63-34b697578c0d/37c01ca5-7b0b-4fe2-8041-6c2fb6efa8bc/1769603991389_6.png,,,,,2026-01-28 12:40:47.594554+00,2026-01-28 12:40:47.594554+00,High School,[],"[""Fan Favorite"",""Adrenaline"",""Road Dog""]",Normal,red
26c6e0ac-26ce-4ea5-aa5d-2c419eddc99d,3020a55a-a94a-454b-aa63-34b697578c0d,ncaa_26,2026,IMANI GIGUERE,QB,Dual Threat,4,5,11,214,Rancho Cucamonga,CA,"{""speed"": 78, ""awareness"": 65, ""break_sack"": 65, ""throw_power"": 90, ""acceleration"": 87, ""throw_on_run"": 82, ""deep_accuracy"": 67, ""short_accuracy"": 77, ""under_pressure"": 76, ""medium_accuracy"": 78}",3020a55a-a94a-454b-aa63-34b697578c0d/8baa810f-bdbd-4cc5-a4b6-ee6affb33bb5/1769537846555_6.png,,,,,2026-01-27 18:18:05.983837+00,2026-01-27 18:18:05.983837+00,High School,[],"[""Rollercoaster"",""Headstrong"",""Adrenaline""]",Normal,red
4a5575a3-f2b1-4c4b-974a-8362fc36722b,3020a55a-a94a-454b-aa63-34b697578c0d,ncaa_26,2026,IOSEFA TO'OTO'O,QB,Pocket Passer,4,6,2,215,Atlanta,GA,"{""speed"": 75, ""awareness"": 71, ""break_sack"": 58, ""throw_power"": 92, ""acceleration"": 80, ""throw_on_run"": 77, ""deep_accuracy"": 76, ""short_accuracy"": 83, ""under_pressure"": 74, ""medium_accuracy"": 83}",3020a55a-a94a-454b-aa63-34b697578c0d/58073f05-ea50-4f84-a461-60462810cc4d/1769535511838_7.png,,,,,2026-01-27 17:39:50.601422+00,2026-01-27 17:39:50.601422+00,High School,[],"[""Winning Time"",""Field General"",""Adrenaline""]",Impact,
88727a50-99b0-4753-b6d6-3ac8c38bddf9,3020a55a-a94a-454b-aa63-34b697578c0d,ncaa_26,2026,ISAAC WROTTO,ATH,Dual Threat,4,6,1,207,Oak Park,MI,"{""speed"": 87, ""awareness"": 61, ""break_sack"": 81, ""throw_power"": 85, ""acceleration"": 88, ""throw_on_run"": 81, ""deep_accuracy"": 68, ""short_accuracy"": 72, ""under_pressure"": 74, ""medium_accuracy"": 71}",3020a55a-a94a-454b-aa63-34b697578c0d/200bf608-a342-4187-b6fa-74407a59ab19/1769572223181_2.png,,,,,2026-01-28 03:50:49.788347+00,2026-01-28 03:50:49.788347+00,High School,[],"[""Headstrong"",""Winning Time"",""Rollercoaster""]",Impact,red
33c4ac33-1f01-4d51-b02a-149c8bde2d52,3020a55a-a94a-454b-aa63-34b697578c0d,ncaa_26,2026,J.C. SUTTLE,QB,Dual Threat,4,6,3,213,Leesburg,GA,"{""speed"": 78, ""awareness"": 79, ""break_sack"": 64, ""throw_power"": 91, ""acceleration"": 84, ""throw_on_run"": 79, ""deep_accuracy"": 69, ""short_accuracy"": 78, ""under_pressure"": 74, ""medium_accuracy"": 77}",3020a55a-a94a-454b-aa63-34b697578c0d/797f09be-f091-480b-a931-4f9f998af3a8/1769574352410_14.png,,,,,2026-01-28 04:27:16.490551+00,2026-01-28 04:27:16.490551+00,High School,[],"[""Clearheaded"",""Rollercoaster"",""The Natural""]",Normal,
732fbb6f-dacf-4a29-9fa1-ac303f907569,3020a55a-a94a-454b-aa63-34b697578c0d,ncaa_26,2026,J.J. LITTLE,ATH,Dual Threat,4,6,0,205,Madison,AL,"{""speed"": 88, ""awareness"": 62, ""break_sack"": 81, ""throw_power"": 85, ""acceleration"": 88, ""throw_on_run"": 82, ""deep_accuracy"": 67, ""short_accuracy"": 75, ""under_pressure"": 72, ""medium_accuracy"": 69}",3020a55a-a94a-454b-aa63-34b697578c0d/305828b3-0614-45e0-86db-b80fcb17c6ee/1769574658373_4.png,,,,,2026-01-28 04:31:51.801749+00,2026-01-28 04:31:51.801749+00,High School,[],"[""Road Dog""]",Normal,
7c9adb1c-3733-418d-9aee-f0e6edc9c215,3020a55a-a94a-454b-aa63-34b697578c0d,ncaa_26,2026,JABARI HARMS,QB,Backfield Creator,4,6,3,200,North Bend,OR,"{""speed"": 78, ""awareness"": 66, ""break_sack"": 77, ""throw_power"": 85, ""acceleration"": 85, ""throw_on_run"": 82, ""deep_accuracy"": 82, ""short_accuracy"": 79, ""under_pressure"": 79, ""medium_accuracy"": 74}",3020a55a-a94a-454b-aa63-34b697578c0d/b8c3c650-9ec3-4fbd-a512-147a8d8a3d43/1769550593835_11.png,,,,,2026-01-27 21:51:02.780859+00,2026-01-27 21:51:02.780859+00,High School,[],"[""Rollercoaster"",""Road Dog""]",Impact,
b9d3b573-a001-4ccb-9798-5ab3f07e7ab3,3020a55a-a94a-454b-aa63-34b697578c0d,ncaa_26,2026,JABARI MUAMBA,QB,Backfield Creator,4,6,0,201,Knoxville,TN,"{""speed"": 78, ""awareness"": 62, ""break_sack"": 76, ""throw_power"": 83, ""acceleration"": 83, ""throw_on_run"": 79, ""deep_accuracy"": 76, ""short_accuracy"": 75, ""under_pressure"": 79, ""medium_accuracy"": 77}",3020a55a-a94a-454b-aa63-34b697578c0d/37c01ca5-7b0b-4fe2-8041-6c2fb6efa8bc/1769604007621_22.png,,,,,2026-01-28 12:41:53.381758+00,2026-01-28 12:41:53.381758+00,High School,[],"[""The Natural"",""Road Dog""]",Normal,red
81e7b8fd-ccf6-4607-819d-8d6c7725e8b0,3020a55a-a94a-454b-aa63-34b697578c0d,ncaa_26,2026,JACOB SANTOSO,QB,Dual Threat,4,6,5,183,McKinney,TX,"{""speed"": 78, ""awareness"": 69, ""break_sack"": 66, ""throw_power"": 88, ""acceleration"": 87, ""throw_on_run"": 79, ""deep_accuracy"": 67, ""short_accuracy"": 81, ""under_pressure"": 76, ""medium_accuracy"": 79}",3020a55a-a94a-454b-aa63-34b697578c0d/f2fe5934-35a4-417c-bd51-f65da55000b0/1769606263058_9.png,,,,,2026-01-28 13:18:57.79047+00,2026-01-28 13:18:57.79047+00,High School,[],[],Normal,
07d4cfd6-81ba-4f6a-b6f6-82902a50f48f,3020a55a-a94a-454b-aa63-34b697578c0d,ncaa_26,2026,JALEN KITCHINGS,QB,Backfield Creator,4,6,4,212,Naples,FL,"{""speed"": 81, ""awareness"": 64, ""break_sack"": 76, ""throw_power"": 86, ""acceleration"": 84, ""throw_on_run"": 80, ""deep_accuracy"": 77, ""short_accuracy"": 76, ""under_pressure"": 79, ""medium_accuracy"": 74}",3020a55a-a94a-454b-aa63-34b697578c0d/b8c3c650-9ec3-4fbd-a512-147a8d8a3d43/1769550588591_5.png,,,,,2026-01-27 21:50:15.268606+00,2026-01-27 21:50:15.268606+00,High School,[],"[""Clearheaded""]",Normal,
67df434d-e3f5-4c3a-8d1e-4b687b9eaca4,3020a55a-a94a-454b-aa63-34b697578c0d,ncaa_26,2026,JAMAL CHILDS,QB,Dual Threat,4,6,4,183,Dallas,TX,"{""speed"": 80, ""awareness"": 66, ""break_sack"": 67, ""throw_power"": 92, ""acceleration"": 86, ""throw_on_run"": 81, ""deep_accuracy"": 66, ""short_accuracy"": 79, ""under_pressure"": 74, ""medium_accuracy"": 80}",3020a55a-a94a-454b-aa63-34b697578c0d/080bef2f-815b-4e1c-ae9f-7c8b02308e02/1769534926662_0.png,,,,,2026-01-27 17:28:53.26798+00,2026-01-27 17:29:34.872018+00,High School,[],"[""Fan Favorite""]",Impact,
afe20f33-4cf5-4d7f-9722-0079d5968db8,3020a55a-a94a-454b-aa63-34b697578c0d,ncaa_26,2026,JAMAL HOPPER,QB,Dual Threat,4,6,4,201,Matthews,NC,"{""speed"": 82, ""awareness"": 65, ""break_sack"": 65, ""throw_power"": 92, ""acceleration"": 85, ""throw_on_run"": 79, ""deep_accuracy"": 67, ""short_accuracy"": 76, ""under_pressure"": 75, ""medium_accuracy"": 78}",3020a55a-a94a-454b-aa63-34b697578c0d/4ed88b2b-2a63-4bfd-a896-3868da5c78f3/1769573697076_3.png,,,,,2026-01-28 04:15:15.91916+00,2026-01-28 04:15:15.91916+00,High School,[],"[""Winning Time""]",Star,green
864895ff-09ab-486c-8518-a7965735fb4a,3020a55a-a94a-454b-aa63-34b697578c0d,ncaa_26,2026,JAMAR REED,QB,Backfield Creator,4,6,1,198,Hazard,KY,"{""speed"": 78, ""awareness"": 65, ""break_sack"": 77, ""throw_power"": 84, ""acceleration"": 83, ""throw_on_run"": 82, ""deep_accuracy"": 78, ""short_accuracy"": 76, ""under_pressure"": 78, ""medium_accuracy"": 76}",3020a55a-a94a-454b-aa63-34b697578c0d/11992e75-3d30-4b77-b47c-8aafdf4874eb/1769538368885_10.png,,,,,2026-01-27 18:27:48.948156+00,2026-01-27 18:27:48.948156+00,High School,[],"[""Winning Time"",""Field General""]",Star,
93a32023-9b46-44fa-ae45-14df28c2d6b4,3020a55a-a94a-454b-aa63-34b697578c0d,ncaa_26,2026,JAMEEL STEED,QB,Dual Threat,4,6,5,211,Miami,FL,"{""speed"": 83, ""awareness"": 64, ""break_sack"": 64, ""throw_power"": 89, ""acceleration"": 86, ""throw_on_run"": 82, ""deep_accuracy"": 69, ""short_accuracy"": 77, ""under_pressure"": 75, ""medium_accuracy"": 77}",3020a55a-a94a-454b-aa63-34b697578c0d/58073f05-ea50-4f84-a461-60462810cc4d/1769535519363_15.png,,,,,2026-01-27 17:40:41.242368+00,2026-01-27 17:40:41.242368+00,High School,[],"[""Rollercoaster"",""Adrenaline"",""The Natural""]",Impact,
40daa828-d5e4-4f1b-b313-72a105aba000,3020a55a-a94a-454b-aa63-34b697578c0d,ncaa_26,2026,JAMES THORNE,QB,Pocket Passer,4,6,3,193,Savannah,GA,"{""speed"": 78, ""awareness"": 74, ""break_sack"": 61, ""throw_power"": 89, ""acceleration"": 75, ""throw_on_run"": 71, ""deep_accuracy"": 77, ""short_accuracy"": 84, ""under_pressure"": 74, ""medium_accuracy"": 80}",3020a55a-a94a-454b-aa63-34b697578c0d/58073f05-ea50-4f84-a461-60462810cc4d/1769535517998_14.png,,,,,2026-01-27 17:39:40.073014+00,2026-01-27 17:39:40.073014+00,High School,[],[],Star,
311e82b7-5758-4121-91ba-5a338b08a183,3020a55a-a94a-454b-aa63-34b697578c0d,ncaa_26,2026,JAMIE HUFF,QB,Pocket Passer,4,6,5,201,Provo,UT,"{""speed"": 74, ""awareness"": 74, ""break_sack"": 60, ""throw_power"": 89, ""acceleration"": 76, ""throw_on_run"": 74, ""deep_accuracy"": 75, ""short_accuracy"": 83, ""under_pressure"": 74, ""medium_accuracy"": 83}",3020a55a-a94a-454b-aa63-34b697578c0d/4ed88b2b-2a63-4bfd-a896-3868da5c78f3/1769573706332_13.png,,,,,2026-01-28 04:16:22.144362+00,2026-01-28 04:16:22.144362+00,High School,[],"[""Adrenaline""]",Normal,
af52f8d7-3cc8-432b-a433-4fa6db1cd736,3020a55a-a94a-454b-aa63-34b697578c0d,ncaa_26,2026,JAREN MONTGOMERY,ATH,Dual Threat,4,6,0,217,Dallas,TX,"{""speed"": 87, ""awareness"": 79, ""break_sack"": 71, ""throw_power"": 93, ""acceleration"": 88, ""throw_on_run"": 79, ""deep_accuracy"": 84, ""short_accuracy"": 85, ""under_pressure"": 77, ""medium_accuracy"": 84}",3020a55a-a94a-454b-aa63-34b697578c0d/f2e21b9b-d7a2-4474-8e17-ce3ffa2b6688/1769574926717_6.png,,,,,2026-01-28 04:36:35.495999+00,2026-01-28 04:36:35.495999+00,High School,[],"[""Fan Favorite"",""Rollercoaster""]",Star,
b28254d9-5730-454b-b5f3-342de9386bac,3020a55a-a94a-454b-aa63-34b697578c0d,ncaa_26,2026,JARIUS BOARD,QB,Pocket Passer,4,6,5,183,San Bernardino,CA,"{""speed"": 78, ""awareness"": 71, ""break_sack"": 59, ""throw_power"": 91, ""acceleration"": 82, ""throw_on_run"": 73, ""deep_accuracy"": 74, ""short_accuracy"": 83, ""under_pressure"": 72, ""medium_accuracy"": 80}",3020a55a-a94a-454b-aa63-34b697578c0d/9c2199e2-0b6f-4809-90e5-e39096e86588/1769606829010_12.png,,,,,2026-01-28 13:28:30.357102+00,2026-01-28 13:28:30.357102+00,High School,[],[],Impact,
d81ca0e3-ea13-4dd6-9b8a-c65b511a46e6,3020a55a-a94a-454b-aa63-34b697578c0d,ncaa_26,2026,JARRED THOMAS,QB,Backfield Creator,4,6,2,216,Alpharetta,GA,"{""speed"": 80, ""awareness"": 64, ""break_sack"": 77, ""throw_power"": 86, ""acceleration"": 85, ""throw_on_run"": 79, ""deep_accuracy"": 79, ""short_accuracy"": 75, ""under_pressure"": 80, ""medium_accuracy"": 72}",3020a55a-a94a-454b-aa63-34b697578c0d/0443f489-7b98-41f3-ac7e-63ea3aa7e011/1769538495711_18.png,,,,,2026-01-27 18:29:09.238012+00,2026-01-27 18:29:09.238012+00,High School,[],"[""Fan Favorite"",""Headstrong""]",Normal,
37c0fce2-2151-4918-8aaa-788d8eaa3460,3020a55a-a94a-454b-aa63-34b697578c0d,ncaa_26,2026,JASON PEARS,QB,Pocket Passer,4,6,3,206,West Hills,CA,"{""speed"": 78, ""awareness"": 74, ""break_sack"": 58, ""throw_power"": 89, ""acceleration"": 80, ""throw_on_run"": 78, ""deep_accuracy"": 73, ""short_accuracy"": 82, ""under_pressure"": 72, ""medium_accuracy"": 80}",3020a55a-a94a-454b-aa63-34b697578c0d/b94d59ff-6642-43ef-8d5e-09f6ba1edefb/1769536435545_1.png,,,,,2026-01-27 17:54:14.820854+00,2026-01-27 17:54:14.820854+00,High School,[],[],Star,
db994446-34a6-41ef-82c2-d4a9471a9959,3020a55a-a94a-454b-aa63-34b697578c0d,ncaa_26,2026,JAVIER KENYON,QB,Backfield Creator,4,6,0,207,Bryant,AR,"{""speed"": 78, ""awareness"": 81, ""break_sack"": 76, ""throw_power"": 83, ""acceleration"": 84, ""throw_on_run"": 81, ""deep_accuracy"": 79, ""short_accuracy"": 78, ""under_pressure"": 79, ""medium_accuracy"": 77}",3020a55a-a94a-454b-aa63-34b697578c0d/8baa810f-bdbd-4cc5-a4b6-ee6affb33bb5/1769537851033_12.png,,,,,2026-01-27 18:18:22.841801+00,2026-01-27 18:18:22.841801+00,High School,[],"[""Road Dog"",""Field General"",""Headstrong""]",Normal,red
a558854b-d6a0-4967-9b9e-c300cebac890,3020a55a-a94a-454b-aa63-34b697578c0d,ncaa_26,2026,JAYDEN KORSAK,QB,Backfield Creator,4,6,4,192,Dacula,GA,"{""speed"": 78, ""awareness"": 65, ""break_sack"": 74, ""throw_power"": 87, ""acceleration"": 84, ""throw_on_run"": 79, ""deep_accuracy"": 81, ""short_accuracy"": 79, ""under_pressure"": 81, ""medium_accuracy"": 76}",3020a55a-a94a-454b-aa63-34b697578c0d/8baa810f-bdbd-4cc5-a4b6-ee6affb33bb5/1769537848769_9.png,,,,,2026-01-27 18:18:44.635638+00,2026-01-27 18:18:44.635638+00,High School,[],[],Impact,
f3a2c99c-9213-4095-a9aa-65f1d85e7ee2,3020a55a-a94a-454b-aa63-34b697578c0d,ncaa_26,2026,JAYDEN MCMANIS,QB,Pocket Passer,4,6,3,178,Southlake,TX,"{""speed"": 76, ""awareness"": 73, ""break_sack"": 59, ""throw_power"": 90, ""acceleration"": 78, ""throw_on_run"": 78, ""deep_accuracy"": 76, ""short_accuracy"": 82, ""under_pressure"": 73, ""medium_accuracy"": 82}",3020a55a-a94a-454b-aa63-34b697578c0d/11992e75-3d30-4b77-b47c-8aafdf4874eb/1769538365255_6.png,,,,,2026-01-27 18:26:53.298568+00,2026-01-27 18:26:53.298568+00,High School,[],"[""Adrenaline"",""Field General""]",Impact,
e09bfe81-d6af-4c74-be85-62aa4b120b4a,3020a55a-a94a-454b-aa63-34b697578c0d,ncaa_26,2026,JEFFREY BRINK,QB,Backfield Creator,4,6,0,191,Chandler,AZ,"{""speed"": 79, ""awareness"": 64, ""break_sack"": 76, ""throw_power"": 84, ""acceleration"": 83, ""throw_on_run"": 80, ""deep_accuracy"": 78, ""short_accuracy"": 78, ""under_pressure"": 78, ""medium_accuracy"": 75}",3020a55a-a94a-454b-aa63-34b697578c0d/a342ce80-d121-447f-8178-098d349cc036/1769573461471_4.png,,,,,2026-01-28 04:11:47.697157+00,2026-01-28 04:11:47.697157+00,High School,[],"[""The Natural""]",Normal,
68464a92-e558-4981-a647-f4e47c4a0fce,3020a55a-a94a-454b-aa63-34b697578c0d,ncaa_26,2026,JERMAINE JOLLY,QB,Pure Runner,4,6,4,222,Kennesaw,GA,"{""speed"": 82, ""awareness"": 71, ""break_sack"": 71, ""throw_power"": 82, ""acceleration"": 87, ""throw_on_run"": 81, ""deep_accuracy"": 68, ""short_accuracy"": 72, ""under_pressure"": 67, ""medium_accuracy"": 72}",3020a55a-a94a-454b-aa63-34b697578c0d/37c01ca5-7b0b-4fe2-8041-6c2fb6efa8bc/1769604003792_17.png,,,,,2026-01-28 12:42:04.141927+00,2026-01-28 12:42:04.141927+00,High School,"[""Magician""]",[],Impact,red
46fff652-0a7f-469c-8fe3-f6b176596c85,3020a55a-a94a-454b-aa63-34b697578c0d,ncaa_26,2026,JERRY SLAUGHTER,ATH,Dual Threat,4,6,4,194,Gardena,CA,"{""speed"": 82, ""awareness"": 65, ""break_sack"": 78, ""throw_power"": 91, ""acceleration"": 88, ""throw_on_run"": 85, ""deep_accuracy"": 65, ""short_accuracy"": 76, ""under_pressure"": 73, ""medium_accuracy"": 75}",3020a55a-a94a-454b-aa63-34b697578c0d/8baa810f-bdbd-4cc5-a4b6-ee6affb33bb5/1769537841078_0.png,,,,,2026-01-27 18:17:49.971113+00,2026-01-27 18:17:49.971113+00,High School,[],"[""The Natural""]",Normal,red
c816c514-687f-4d2c-9ef7-b8e5dd7f678f,3020a55a-a94a-454b-aa63-34b697578c0d,ncaa_26,2026,JESSE CHICKILLO,QB,Dual Threat,4,5,11,189,Tyler,TX,"{""speed"": 81, ""awareness"": 50, ""break_sack"": 66, ""throw_power"": 92, ""acceleration"": 86, ""throw_on_run"": 80, ""deep_accuracy"": 68, ""short_accuracy"": 77, ""under_pressure"": 74, ""medium_accuracy"": 77}",3020a55a-a94a-454b-aa63-34b697578c0d/797f09be-f091-480b-a931-4f9f998af3a8/1769574349347_10.png,,,,,2026-01-28 04:26:50.508873+00,2026-01-28 04:26:50.508873+00,High School,[],"[""Fan Favorite"",""Road Dog""]",Impact,
44a02a3b-68f3-4b2c-9bf2-cbd144081720,3020a55a-a94a-454b-aa63-34b697578c0d,ncaa_26,2026,JIMMY GAY,QB,Dual Threat,4,6,2,213,Lompoc,CA,"{""speed"": 80, ""awareness"": 79, ""break_sack"": 66, ""throw_power"": 90, ""acceleration"": 85, ""throw_on_run"": 79, ""deep_accuracy"": 67, ""short_accuracy"": 79, ""under_pressure"": 76, ""medium_accuracy"": 77}",3020a55a-a94a-454b-aa63-34b697578c0d/4ed88b2b-2a63-4bfd-a896-3868da5c78f3/1769573702620_8.png,,,,,2026-01-28 04:16:03.585838+00,2026-01-28 04:16:03.585838+00,High School,[],[],Star,
f59ef58c-e478-407c-907c-8963f26ec793,3020a55a-a94a-454b-aa63-34b697578c0d,ncaa_26,2026,JIMMY VEGA,QB,Pocket Passer,4,6,3,223,Lancaster,CA,"{""speed"": 75, ""awareness"": 75, ""break_sack"": 60, ""throw_power"": 90, ""acceleration"": 81, ""throw_on_run"": 78, ""deep_accuracy"": 76, ""short_accuracy"": 83, ""under_pressure"": 75, ""medium_accuracy"": 83}",3020a55a-a94a-454b-aa63-34b697578c0d/11992e75-3d30-4b77-b47c-8aafdf4874eb/1769538363690_4.png,,,,,2026-01-27 18:26:42.525812+00,2026-01-27 18:26:42.525812+00,High School,"[""Step Up""]","[""The Natural"",""Adrenaline""]",Normal,
0b2a2e92-9c76-4826-aa25-4679c075217b,3020a55a-a94a-454b-aa63-34b697578c0d,ncaa_26,2026,JOE KEY,QB,Dual Threat,4,6,5,181,Norco,CA,"{""speed"": 81, ""awareness"": 62, ""break_sack"": 66, ""throw_power"": 90, ""acceleration"": 84, ""throw_on_run"": 82, ""deep_accuracy"": 69, ""short_accuracy"": 79, ""under_pressure"": 75, ""medium_accuracy"": 78}",3020a55a-a94a-454b-aa63-34b697578c0d/37c01ca5-7b0b-4fe2-8041-6c2fb6efa8bc/1769603990224_5.png,,,,,2026-01-28 12:40:42.298351+00,2026-01-28 12:40:42.298351+00,High School,[],"[""Winning Time"",""Fan Favorite"",""Rollercoaster""]",Impact,
c3d1e497-c776-4f03-be86-9c1962093584,3020a55a-a94a-454b-aa63-34b697578c0d,ncaa_26,2026,JOEL HONEYCUTT,QB,Dual Threat,4,5,11,179,Dallas,TX,"{""speed"": 78, ""awareness"": 66, ""break_sack"": 64, ""throw_power"": 87, ""acceleration"": 86, ""throw_on_run"": 81, ""deep_accuracy"": 69, ""short_accuracy"": 79, ""under_pressure"": 76, ""medium_accuracy"": 79}",3020a55a-a94a-454b-aa63-34b697578c0d/b94d59ff-6642-43ef-8d5e-09f6ba1edefb/1769536438741_5.png,,,,,2026-01-27 17:54:48.534363+00,2026-01-27 17:54:48.534363+00,High School,[],"[""The Natural"",""Fan Favorite""]",Impact,red
d3ce59a5-2bdc-499c-8611-551b5aa34270,3020a55a-a94a-454b-aa63-34b697578c0d,ncaa_26,2026,JOEL HOOK,QB,Dual Threat,4,6,2,206,Fort Lauderdale,FL,"{""speed"": 82, ""awareness"": 61, ""break_sack"": 66, ""throw_power"": 90, ""acceleration"": 85, ""throw_on_run"": 81, ""deep_accuracy"": 68, ""short_accuracy"": 76, ""under_pressure"": 76, ""medium_accuracy"": 79}",3020a55a-a94a-454b-aa63-34b697578c0d/625c202e-0cb5-408c-9fd5-d476742d073e/1769607503291_3.png,,,,,2026-01-28 13:38:44.346557+00,2026-01-28 13:38:44.346557+00,High School,[],"[""Road Dog"",""Fan Favorite""]",Impact,
a8fbc034-916c-4fbe-828f-8dd3b67c7d7f,3020a55a-a94a-454b-aa63-34b697578c0d,ncaa_26,2026,JOHN BEAVER,ATH,Dual Threat,4,6,2,207,Melbourne,FL,"{""speed"": 84, ""awareness"": 67, ""break_sack"": 77, ""throw_power"": 93, ""acceleration"": 90, ""throw_on_run"": 77, ""deep_accuracy"": 85, ""short_accuracy"": 86, ""under_pressure"": 73, ""medium_accuracy"": 86}",3020a55a-a94a-454b-aa63-34b697578c0d/9f89286f-f6e9-4073-bfba-91f5f815cee7/1769605160637_8.png,,,,,2026-01-28 13:01:20.262017+00,2026-01-28 13:01:20.262017+00,High School,[],[],Star,
844981a0-f941-4875-8795-d2b1028cf2ef,3020a55a-a94a-454b-aa63-34b697578c0d,ncaa_26,2026,JOHN BOUDREAUX,QB,Pocket Passer,4,6,3,218,Gadsden,AL,"{""speed"": 76, ""awareness"": 72, ""break_sack"": 57, ""throw_power"": 92, ""acceleration"": 82, ""throw_on_run"": 73, ""deep_accuracy"": 75, ""short_accuracy"": 84, ""under_pressure"": 75, ""medium_accuracy"": 80}",3020a55a-a94a-454b-aa63-34b697578c0d/37c01ca5-7b0b-4fe2-8041-6c2fb6efa8bc/1769603994902_9.png,,,,,2026-01-28 12:41:03.762847+00,2026-01-28 12:41:03.762847+00,High School,[],[],Impact,
f4d1f7fe-7e1b-41be-a5db-cb7fc0b974c5,3020a55a-a94a-454b-aa63-34b697578c0d,ncaa_26,2026,JOHN FOLK,QB,Dual Threat,4,6,2,203,Carmichael,CA,"{""speed"": 81, ""awareness"": 62, ""break_sack"": 65, ""throw_power"": 96, ""acceleration"": 85, ""throw_on_run"": 82, ""deep_accuracy"": 69, ""short_accuracy"": 79, ""under_pressure"": 74, ""medium_accuracy"": 77}",3020a55a-a94a-454b-aa63-34b697578c0d/da35812b-39ae-4163-a3cf-1b4121d35fee/1769573164246_1.png,,,,,2026-01-28 04:06:25.126459+00,2026-01-28 04:06:25.126459+00,High School,[],"[""Clearheaded"",""Road Dog"",""Adrenaline""]",Star,green
9e1c262d-63a5-4503-9ab5-948cc832db97,3020a55a-a94a-454b-aa63-34b697578c0d,ncaa_26,2026,JOHN NEWCOMB,QB,Backfield Creator,4,6,4,204,Conroe,TX,"{""speed"": 78, ""awareness"": 66, ""break_sack"": 75, ""throw_power"": 84, ""acceleration"": 83, ""throw_on_run"": 60, ""deep_accuracy"": 80, ""short_accuracy"": 75, ""under_pressure"": 78, ""medium_accuracy"": 75}",3020a55a-a94a-454b-aa63-34b697578c0d/b8c3c650-9ec3-4fbd-a512-147a8d8a3d43/1769550595301_13.png,,,,,2026-01-27 21:51:07.957569+00,2026-01-27 21:51:07.957569+00,High School,[],"[""Road Dog""]",Impact,
967e1788-e795-4d29-8220-c26f8b88a9ed,3020a55a-a94a-454b-aa63-34b697578c0d,ncaa_26,2026,JOHN NUNEZ,QB,Backfield Creator,4,6,1,191,Katy,TX,"{""speed"": 81, ""awareness"": 69, ""break_sack"": 75, ""throw_power"": 84, ""acceleration"": 82, ""throw_on_run"": 79, ""deep_accuracy"": 77, ""short_accuracy"": 74, ""under_pressure"": 78, ""medium_accuracy"": 76}",3020a55a-a94a-454b-aa63-34b697578c0d/305828b3-0614-45e0-86db-b80fcb17c6ee/1769574666479_14.png,,,,,2026-01-28 04:32:33.126314+00,2026-01-28 04:32:33.126314+00,High School,[],"[""Road Dog"",""Field General""]",Impact,
b57aa997-c5b3-4854-8067-c109321de666,3020a55a-a94a-454b-aa63-34b697578c0d,ncaa_26,2026,JOHNNY RICHIE,QB,Dual Threat,4,6,3,205,Roswell,GA,"{""speed"": 78, ""awareness"": 70, ""break_sack"": 65, ""throw_power"": 90, ""acceleration"": 87, ""throw_on_run"": 79, ""deep_accuracy"": 69, ""short_accuracy"": 81, ""under_pressure"": 76, ""medium_accuracy"": 77}",3020a55a-a94a-454b-aa63-34b697578c0d/58073f05-ea50-4f84-a461-60462810cc4d/1769535505291_0.png,,,,,2026-01-27 17:38:46.19047+00,2026-01-27 17:38:46.19047+00,High School,[],[],Star,
e987ad3b-d8ae-4604-8ef7-9491d632e1dc,3020a55a-a94a-454b-aa63-34b697578c0d,ncaa_26,2026,JOSE CORONADO,ATH,Dual Threat,4,6,2,217,Austin,TX,"{""speed"": 84, ""awareness"": 62, ""break_sack"": 80, ""throw_power"": 85, ""acceleration"": 87, ""throw_on_run"": 82, ""deep_accuracy"": 66, ""short_accuracy"": 72, ""under_pressure"": 73, ""medium_accuracy"": 71}",3020a55a-a94a-454b-aa63-34b697578c0d/a342ce80-d121-447f-8178-098d349cc036/1769573462403_5.png,,,,,2026-01-28 04:11:41.959862+00,2026-01-28 04:11:41.959862+00,High School,[],"[""Road Dog"",""Clearheaded""]",Star,
9a4cdb55-64be-4997-9525-d16f2da37250,3020a55a-a94a-454b-aa63-34b697578c0d,ncaa_26,2026,JOSE TORRENCE,ATH,Dual Threat,4,6,5,222,New Orleans,LA,"{""speed"": 86, ""awareness"": 77, ""break_sack"": 76, ""throw_power"": 96, ""acceleration"": 91, ""throw_on_run"": 77, ""deep_accuracy"": 82, ""short_accuracy"": 86, ""under_pressure"": 78, ""medium_accuracy"": 82}",3020a55a-a94a-454b-aa63-34b697578c0d/625c202e-0cb5-408c-9fd5-d476742d073e/1769607506520_7.png,,,,,2026-01-28 13:38:55.466704+00,2026-01-28 13:38:55.466704+00,High School,[],"[""The Natural"",""Clearheaded""]",Star,
54b48dec-30ce-4826-8d18-3ed80eb115a2,3020a55a-a94a-454b-aa63-34b697578c0d,ncaa_26,2026,JOSEPH FOLLETT,ATH,Dual Threat,4,6,0,223,Calabasas,CA,"{""speed"": 94, ""awareness"": 62, ""break_sack"": 83, ""throw_power"": 84, ""acceleration"": 87, ""throw_on_run"": 81, ""deep_accuracy"": 67, ""short_accuracy"": 73, ""under_pressure"": 71, ""medium_accuracy"": 68}",3020a55a-a94a-454b-aa63-34b697578c0d/11992e75-3d30-4b77-b47c-8aafdf4874eb/1769538362158_2.png,,,,,2026-01-27 18:26:31.95777+00,2026-01-27 18:26:31.95777+00,High School,"[""Extender""]",[],Star,green
7cac5471-a0ae-4ed3-8606-7b4ff917ea8d,3020a55a-a94a-454b-aa63-34b697578c0d,ncaa_26,2026,JOSH ALLGEIER,QB,Pocket Passer,4,6,5,184,Columbia,SC,"{""speed"": 73, ""awareness"": 71, ""break_sack"": 58, ""throw_power"": 92, ""acceleration"": 83, ""throw_on_run"": 76, ""deep_accuracy"": 75, ""short_accuracy"": 85, ""under_pressure"": 72, ""medium_accuracy"": 80}",3020a55a-a94a-454b-aa63-34b697578c0d/797f09be-f091-480b-a931-4f9f998af3a8/1769574343870_3.png,,,,,2026-01-28 04:26:17.078562+00,2026-01-28 04:26:17.078562+00,High School,[],[],Impact,
92f4c261-5b78-4647-b957-ed1651f3cff6,3020a55a-a94a-454b-aa63-34b697578c0d,ncaa_26,2026,JOSH BOUYE,QB,Dual Threat,4,6,2,186,Westerville,OH,"{""speed"": 79, ""awareness"": 67, ""break_sack"": 67, ""throw_power"": 93, ""acceleration"": 85, ""throw_on_run"": 81, ""deep_accuracy"": 67, ""short_accuracy"": 77, ""under_pressure"": 76, ""medium_accuracy"": 79}",3020a55a-a94a-454b-aa63-34b697578c0d/37c01ca5-7b0b-4fe2-8041-6c2fb6efa8bc/1769603993670_8.png,,,,,2026-01-28 12:40:58.690789+00,2026-01-28 12:40:58.690789+00,High School,[],[],Impact,
f72baeb6-fcd6-4183-913c-598294c0d59f,3020a55a-a94a-454b-aa63-34b697578c0d,ncaa_26,2026,JOSH CLEVELAND,QB,Dual Threat,4,6,5,187,Aubrey,TX,"{""speed"": 81, ""awareness"": 79, ""break_sack"": 66, ""throw_power"": 90, ""acceleration"": 87, ""throw_on_run"": 79, ""deep_accuracy"": 67, ""short_accuracy"": 77, ""under_pressure"": 77, ""medium_accuracy"": 80}",3020a55a-a94a-454b-aa63-34b697578c0d/f2e21b9b-d7a2-4474-8e17-ce3ffa2b6688/1769574923721_2.png,,,,,2026-01-28 04:36:24.469784+00,2026-01-28 04:36:24.469784+00,High School,[],"[""Headstrong"",""Field General""]",Impact,
2b12a523-aa42-4fc7-9146-f3aad9d1524a,3020a55a-a94a-454b-aa63-34b697578c0d,ncaa_26,2026,JOSH KILROY,QB,Pocket Passer,4,6,5,195,Kennesaw,GA,"{""speed"": 74, ""awareness"": 71, ""break_sack"": 58, ""throw_power"": 91, ""acceleration"": 83, ""throw_on_run"": 76, ""deep_accuracy"": 75, ""short_accuracy"": 83, ""under_pressure"": 72, ""medium_accuracy"": 83}",3020a55a-a94a-454b-aa63-34b697578c0d/b8c3c650-9ec3-4fbd-a512-147a8d8a3d43/1769550587808_4.png,,,,,2026-01-27 21:51:29.799778+00,2026-01-27 21:51:29.799778+00,High School,"[""Step Up""]","[""Rollercoaster"",""Fan Favorite""]",Normal,
dfcf54ec-e609-4f5e-810c-762ab22133e5,3020a55a-a94a-454b-aa63-34b697578c0d,ncaa_26,2026,JOSH LUTER,QB,Backfield Creator,4,6,1,192,Jackson,AL,"{""speed"": 81, ""awareness"": 50, ""break_sack"": 74, ""throw_power"": 85, ""acceleration"": 83, ""throw_on_run"": 80, ""deep_accuracy"": 78, ""short_accuracy"": 78, ""under_pressure"": 81, ""medium_accuracy"": 75}",3020a55a-a94a-454b-aa63-34b697578c0d/a342ce80-d121-447f-8178-098d349cc036/1769573463119_6.png,,,,,2026-01-28 04:11:52.49426+00,2026-01-28 04:11:52.49426+00,High School,[],"[""Rollercoaster""]",Impact,
125fe078-52c1-4d95-b0bf-e254b0fe28d7,3020a55a-a94a-454b-aa63-34b697578c0d,ncaa_26,2026,JULIUS CARMAN,QB,Dual Threat,4,6,0,177,Pickerington,OH,"{""speed"": 80, ""awareness"": 64, ""break_sack"": 64, ""throw_power"": 91, ""acceleration"": 85, ""throw_on_run"": 81, ""deep_accuracy"": 69, ""short_accuracy"": 76, ""under_pressure"": 74, ""medium_accuracy"": 78}",3020a55a-a94a-454b-aa63-34b697578c0d/305828b3-0614-45e0-86db-b80fcb17c6ee/1769574660653_7.png,,,,,2026-01-28 04:31:41.596276+00,2026-01-28 04:31:41.596276+00,High School,[],"[""Winning Time"",""Fan Favorite"",""Clearheaded""]",Normal,
bb863cba-2e30-48b9-9d7d-d3905edc1830,3020a55a-a94a-454b-aa63-34b697578c0d,ncaa_26,2026,KALAWAI'A,QB,Pocket Passer,4,6,4,220,Murrieta,CA,"{""speed"": 74, ""awareness"": 75, ""break_sack"": 59, ""throw_power"": 90, ""acceleration"": 81, ""throw_on_run"": 72, ""deep_accuracy"": 78, ""short_accuracy"": 85, ""under_pressure"": 73, ""medium_accuracy"": 82}",3020a55a-a94a-454b-aa63-34b697578c0d/f2e21b9b-d7a2-4474-8e17-ce3ffa2b6688/1769574924503_3.png,,,,,2026-01-28 04:35:50.743095+00,2026-01-28 04:35:50.743095+00,High School,[],[],Impact,green
6637bade-aced-45d8-a0af-26bedbe42432,3020a55a-a94a-454b-aa63-34b697578c0d,ncaa_26,2026,KALEN CAMARDA,QB,Backfield Creator,4,6,0,201,Suffolk,VA,"{""speed"": 81, ""awareness"": 62, ""break_sack"": 76, ""throw_power"": 86, ""acceleration"": 84, ""throw_on_run"": 82, ""deep_accuracy"": 83, ""short_accuracy"": 78, ""under_pressure"": 78, ""medium_accuracy"": 72}",3020a55a-a94a-454b-aa63-34b697578c0d/625c202e-0cb5-408c-9fd5-d476742d073e/1769607501693_1.png,,,,,2026-01-28 13:38:38.808857+00,2026-01-28 13:38:38.808857+00,High School,[],[],Star,green
67474ea0-1e5b-456a-bdea-7d0512e70cf5,3020a55a-a94a-454b-aa63-34b697578c0d,ncaa_26,2026,KANE MCGUIRE,ATH,Dual Threat,4,6,3,211,Henderson,NV,"{""speed"": 78, ""awareness"": 66, ""break_sack"": 79, ""throw_power"": 87, ""acceleration"": 88, ""throw_on_run"": 85, ""deep_accuracy"": 62, ""short_accuracy"": 74, ""under_pressure"": 72, ""medium_accuracy"": 73}",3020a55a-a94a-454b-aa63-34b697578c0d/9c2199e2-0b6f-4809-90e5-e39096e86588/1769606828261_11.png,,,,,2026-01-28 13:28:19.856121+00,2026-01-28 13:28:19.856121+00,High School,[],[],Normal,red
d6a07230-8be3-44c9-9dda-6095121d1f28,3020a55a-a94a-454b-aa63-34b697578c0d,ncaa_26,2026,KEENAN GRANGER,QB,Pocket Passer,4,6,4,214,Birmingham,AL,"{""speed"": 80, ""awareness"": 72, ""break_sack"": 57, ""throw_power"": 93, ""acceleration"": 84, ""throw_on_run"": 78, ""deep_accuracy"": 75, ""short_accuracy"": 83, ""under_pressure"": 73, ""medium_accuracy"": 80}",3020a55a-a94a-454b-aa63-34b697578c0d/9c2199e2-0b6f-4809-90e5-e39096e86588/1769606825964_8.png,,,,,2026-01-28 13:28:02.311213+00,2026-01-28 13:28:02.311213+00,High School,[],[],Impact,green
1e8f7138-0310-47e5-aeb6-5da9fa9c8327,3020a55a-a94a-454b-aa63-34b697578c0d,ncaa_26,2026,KELVIN SLAUGHTER,QB,Backfield Creator,4,6,4,191,Irmo,SC,"{""speed"": 81, ""awareness"": 65, ""break_sack"": 75, ""throw_power"": 86, ""acceleration"": 85, ""throw_on_run"": 80, ""deep_accuracy"": 79, ""short_accuracy"": 77, ""under_pressure"": 79, ""medium_accuracy"": 74}",3020a55a-a94a-454b-aa63-34b697578c0d/11992e75-3d30-4b77-b47c-8aafdf4874eb/1769538362891_3.png,,,,,2026-01-27 18:26:37.360768+00,2026-01-27 18:26:37.360768+00,High School,[],"[""Rollercoaster""]",Impact,green
7fab180d-9aea-4d37-95b5-426624512e93,3020a55a-a94a-454b-aa63-34b697578c0d,ncaa_26,2026,KENAN MOREY,QB,Backfield Creator,4,6,4,197,River Rouge,MI,"{""speed"": 82, ""awareness"": 61, ""break_sack"": 74, ""throw_power"": 88, ""acceleration"": 85, ""throw_on_run"": 81, ""deep_accuracy"": 80, ""short_accuracy"": 75, ""under_pressure"": 79, ""medium_accuracy"": 76}",3020a55a-a94a-454b-aa63-34b697578c0d/9c2199e2-0b6f-4809-90e5-e39096e86588/1769606826713_9.png,,,,,2026-01-28 13:28:14.211352+00,2026-01-28 13:28:14.211352+00,High School,[],"[""Rollercoaster"",""Road Dog"",""Clearheaded""]",Elite,green
b851d5bd-50f0-44cf-aea3-bfa1cd11fa8f,3020a55a-a94a-454b-aa63-34b697578c0d,ncaa_26,2026,KEVIN BUENO,QB,Pocket Passer,4,6,5,205,Atlanta,GA,"{""speed"": 78, ""awareness"": 72, ""break_sack"": 57, ""throw_power"": 90, ""acceleration"": 83, ""throw_on_run"": 75, ""deep_accuracy"": 73, ""short_accuracy"": 82, ""under_pressure"": 74, ""medium_accuracy"": 80}",3020a55a-a94a-454b-aa63-34b697578c0d/11992e75-3d30-4b77-b47c-8aafdf4874eb/1769538360128_0.png,,,,,2026-01-27 18:26:22.162496+00,2026-01-27 18:26:22.162496+00,High School,[],"[""Road Dog""]",Normal,
353bc76b-8581-45c1-bca9-198b18f4b594,3020a55a-a94a-454b-aa63-34b697578c0d,ncaa_26,2026,KONA CHEN,QB,Dual Threat,5,6,4,193,Mountain View,CA,"{""speed"": 86, ""awareness"": 72, ""break_sack"": 68, ""throw_power"": 95, ""acceleration"": 90, ""throw_on_run"": 84, ""deep_accuracy"": 68, ""short_accuracy"": 82, ""under_pressure"": 77, ""medium_accuracy"": 80}",3020a55a-a94a-454b-aa63-34b697578c0d/b94d59ff-6642-43ef-8d5e-09f6ba1edefb/1769536441372_8.png,,,,,2026-01-27 17:55:04.742011+00,2026-01-27 17:55:04.742011+00,High School,[],"[""The Natural""]",Elite,green
3002a467-9254-4e7c-b93a-927c0b055a10,3020a55a-a94a-454b-aa63-34b697578c0d,ncaa_26,2026,KONA LATU,ATH,Dual Threat,4,6,0,213,Seattle,WA,"{""speed"": 81, ""awareness"": 63, ""break_sack"": 77, ""throw_power"": 88, ""acceleration"": 88, ""throw_on_run"": 81, ""deep_accuracy"": 67, ""short_accuracy"": 74, ""under_pressure"": 69, ""medium_accuracy"": 72}",3020a55a-a94a-454b-aa63-34b697578c0d/4ed88b2b-2a63-4bfd-a896-3868da5c78f3/1769573707081_14.png,,,,,2026-01-28 04:16:43.902215+00,2026-01-28 04:16:43.902215+00,High School,[],"[""Fan Favorite"",""Headstrong"",""Winning Time""]",Normal,green
eb91e845-694e-4abc-b322-a7957916fa66,3020a55a-a94a-454b-aa63-34b697578c0d,ncaa_26,2026,KWABENA CUSHENBERRY,QB,Pocket Passer,4,6,3,215,Edgard,LA,"{""speed"": 77, ""awareness"": 74, ""break_sack"": 61, ""throw_power"": 92, ""acceleration"": 76, ""throw_on_run"": 71, ""deep_accuracy"": 76, ""short_accuracy"": 85, ""under_pressure"": 73, ""medium_accuracy"": 82}",3020a55a-a94a-454b-aa63-34b697578c0d/9c2199e2-0b6f-4809-90e5-e39096e86588/1769606820486_1.png,,,,,2026-01-28 13:27:28.863333+00,2026-01-28 13:27:28.863333+00,High School,[],"[""Fan Favorite"",""Rollercoaster""]",Star,
6a4a68e3-958e-4cb9-97d2-17c852d76255,3020a55a-a94a-454b-aa63-34b697578c0d,ncaa_26,2026,LAKARIUS TIFFIN,QB,Backfield Creator,4,6,4,214,Carmel,IN,"{""speed"": 80, ""awareness"": 67, ""break_sack"": 75, ""throw_power"": 84, ""acceleration"": 82, ""throw_on_run"": 80, ""deep_accuracy"": 75, ""short_accuracy"": 75, ""under_pressure"": 81, ""medium_accuracy"": 76}",3020a55a-a94a-454b-aa63-34b697578c0d/b8c3c650-9ec3-4fbd-a512-147a8d8a3d43/1769550594551_12.png,,,,,2026-01-27 21:51:51.531983+00,2026-01-27 21:51:51.531983+00,High School,[],"[""Road Dog""]",Normal,
fa6581ff-3ed3-4127-9a3c-e09ebbf0ce2e,3020a55a-a94a-454b-aa63-34b697578c0d,ncaa_26,2026,LAMARCUS CHARLTON,QB,Backfield Creator,4,6,3,190,Chicago,IL,"{""speed"": 80, ""awareness"": 65, ""break_sack"": 77, ""throw_power"": 84, ""acceleration"": 83, ""throw_on_run"": 79, ""deep_accuracy"": 79, ""short_accuracy"": 76, ""under_pressure"": 78, ""medium_accuracy"": 77}",3020a55a-a94a-454b-aa63-34b697578c0d/da35812b-39ae-4163-a3cf-1b4121d35fee/1769573162881_0.png,,,,,2026-01-28 04:07:08.269431+00,2026-01-28 04:07:08.269431+00,High School,[],"[""Headstrong"",""Road Dog"",""The Natural""]",Impact,
7d5277bf-5474-49be-840d-cd3c98eec068,3020a55a-a94a-454b-aa63-34b697578c0d,ncaa_26,2026,LANDON WASHINGTON,QB,Backfield Creator,4,6,2,206,Garland,TX,"{""speed"": 80, ""awareness"": 62, ""break_sack"": 74, ""throw_power"": 87, ""acceleration"": 83, ""throw_on_run"": 79, ""deep_accuracy"": 81, ""short_accuracy"": 75, ""under_pressure"": 79, ""medium_accuracy"": 75}",3020a55a-a94a-454b-aa63-34b697578c0d/da35812b-39ae-4163-a3cf-1b4121d35fee/1769573172121_11.png,,,,,2026-01-28 04:06:52.234503+00,2026-01-28 12:24:46.690086+00,High School,[],"[""Fan Favorite"",""Clearheaded""]",Normal,
a26fc39a-effa-44fc-ac31-2caef3932460,3020a55a-a94a-454b-aa63-34b697578c0d,ncaa_26,2026,LANE BOEHRINGER,QB,Dual Threat,4,5,11,187,Hampton,VA,"{""speed"": 81, ""awareness"": 64, ""break_sack"": 67, ""throw_power"": 92, ""acceleration"": 86, ""throw_on_run"": 80, ""deep_accuracy"": 68, ""short_accuracy"": 76, ""under_pressure"": 76, ""medium_accuracy"": 80}",3020a55a-a94a-454b-aa63-34b697578c0d/58073f05-ea50-4f84-a461-60462810cc4d/1769535506926_2.png,,,,,2026-01-27 17:38:56.526343+00,2026-01-27 17:38:56.526343+00,High School,[],[],Impact,
679a65f4-d308-4529-8fa2-b4f9a3d9ac9b,3020a55a-a94a-454b-aa63-34b697578c0d,ncaa_26,2026,LARRY BASSETT,QB,Pocket Passer,4,6,2,198,Lagrange,GA,"{""speed"": 77, ""awareness"": 71, ""break_sack"": 61, ""throw_power"": 92, ""acceleration"": 80, ""throw_on_run"": 73, ""deep_accuracy"": 78, ""short_accuracy"": 83, ""under_pressure"": 73, ""medium_accuracy"": 82}",3020a55a-a94a-454b-aa63-34b697578c0d/797f09be-f091-480b-a931-4f9f998af3a8/1769574348581_9.png,,,,,2026-01-28 04:26:55.771597+00,2026-01-28 04:26:55.771597+00,High School,[],"[""The Natural"",""Fan Favorite""]",Impact,
eb4edfdb-1726-456f-92e1-0deda4576dc4,3020a55a-a94a-454b-aa63-34b697578c0d,ncaa_26,2026,LARRY GOLD,QB,Backfield Creator,4,6,3,190,Chicago,IL,"{""speed"": 78, ""awareness"": 65, ""break_sack"": 75, ""throw_power"": 84, ""acceleration"": 84, ""throw_on_run"": 81, ""deep_accuracy"": 75, ""short_accuracy"": 74, ""under_pressure"": 80, ""medium_accuracy"": 72}",3020a55a-a94a-454b-aa63-34b697578c0d/f2e21b9b-d7a2-4474-8e17-ce3ffa2b6688/1769574927517_7.png,,,,,2026-01-28 04:36:01.372462+00,2026-01-28 04:36:01.372462+00,High School,[],"[""Clearheaded"",""Road Dog"",""Winning Time""]",Normal,
bd3af4a7-fb92-41e4-9a11-2795187af627,3020a55a-a94a-454b-aa63-34b697578c0d,ncaa_26,2026,LARRY LASCO,QB,Backfield Creator,4,6,0,203,Gibsonia,PA,"{""speed"": 76, ""awareness"": 72, ""break_sack"": 59, ""throw_power"": 88, ""acceleration"": 80, ""throw_on_run"": 79, ""deep_accuracy"": 78, ""short_accuracy"": 80, ""under_pressure"": 75, ""medium_accuracy"": 78}",3020a55a-a94a-454b-aa63-34b697578c0d/625c202e-0cb5-408c-9fd5-d476742d073e/1769607511831_13.png,,,,,2026-01-28 13:39:11.204853+00,2026-01-28 13:39:11.204853+00,High School,[],"[""Road Dog"",""Adrenaline""]",Star,
e2987979-09cd-4fae-a7a6-6329d77d0df5,3020a55a-a94a-454b-aa63-34b697578c0d,ncaa_26,2026,LARRY TAMM,QB,Dual Threat,4,6,1,197,Leesburg,GA,"{""speed"": 81, ""awareness"": 64, ""break_sack"": 64, ""throw_power"": 92, ""acceleration"": 87, ""throw_on_run"": 82, ""deep_accuracy"": 69, ""short_accuracy"": 79, ""under_pressure"": 74, ""medium_accuracy"": 79}",3020a55a-a94a-454b-aa63-34b697578c0d/9fa2c4b1-0a4d-42c8-a2af-2ecc0d28a50b/1769605846194_3.png,,,,,2026-01-28 13:11:22.366353+00,2026-01-28 13:11:22.366353+00,High School,[],[],Star,
66cf7520-6be3-453d-ab0c-4999f0377759,3020a55a-a94a-454b-aa63-34b697578c0d,ncaa_26,2026,LAWRENCE KUGBILA,QB,Backfield Creator,4,6,0,204,Charlotte,NC,"{""speed"": 79, ""awareness"": 65, ""break_sack"": 74, ""throw_power"": 87, ""acceleration"": 82, ""throw_on_run"": 79, ""deep_accuracy"": 76, ""short_accuracy"": 77, ""under_pressure"": 78, ""medium_accuracy"": 75}",3020a55a-a94a-454b-aa63-34b697578c0d/f2e21b9b-d7a2-4474-8e17-ce3ffa2b6688/1769574928249_8.png,,,,,2026-01-28 04:36:42.861761+00,2026-01-28 04:36:42.861761+00,High School,[],"[""The Natural"",""Headstrong""]",Elite,
8f438e77-388c-4e3d-aefc-a3c5c77a96f1,3020a55a-a94a-454b-aa63-34b697578c0d,ncaa_26,2026,LEATI BUCK,QB,Backfield Creator,4,6,1,213,Chandler,AZ,"{""speed"": 80, ""awareness"": 62, ""break_sack"": 77, ""throw_power"": 86, ""acceleration"": 82, ""throw_on_run"": 81, ""deep_accuracy"": 79, ""short_accuracy"": 78, ""under_pressure"": 79, ""medium_accuracy"": 75}",3020a55a-a94a-454b-aa63-34b697578c0d/37c01ca5-7b0b-4fe2-8041-6c2fb6efa8bc/1769604001428_14.png,,,,,2026-01-28 12:41:30.127663+00,2026-01-28 12:41:30.127663+00,High School,[],"[""Clearheaded""]",Normal,green
4df5c228-9c0d-49c6-b1de-1b4d42707947,3020a55a-a94a-454b-aa63-34b697578c0d,ncaa_26,2026,LEATI RINGO,QB,Backfield Creator,4,6,3,207,Highland Springs,VA,"{""speed"": 80, ""awareness"": 65, ""break_sack"": 77, ""throw_power"": 87, ""acceleration"": 82, ""throw_on_run"": 80, ""deep_accuracy"": 81, ""short_accuracy"": 76, ""under_pressure"": 78, ""medium_accuracy"": 73}",3020a55a-a94a-454b-aa63-34b697578c0d/6f19e232-33b9-452c-8b01-ace4075aef14/1769572410903_5.png,,,,,2026-01-28 03:54:17.460865+00,2026-01-28 03:54:17.460865+00,High School,[],"[""The Natural""]",Normal,
98ec21c5-7a79-4190-a58a-ac308b7df571,3020a55a-a94a-454b-aa63-34b697578c0d,ncaa_26,2026,LEE ANTWINE,QB,Pocket Passer,4,6,3,209,Jersey City,NJ,"{""speed"": 74, ""awareness"": 77, ""break_sack"": 60, ""throw_power"": 92, ""acceleration"": 80, ""throw_on_run"": 71, ""deep_accuracy"": 73, ""short_accuracy"": 83, ""under_pressure"": 74, ""medium_accuracy"": 82}",3020a55a-a94a-454b-aa63-34b697578c0d/37c01ca5-7b0b-4fe2-8041-6c2fb6efa8bc/1769604005323_19.png,,,,,2026-01-28 12:42:10.127338+00,2026-01-28 12:42:10.127338+00,High School,[],"[""Road Dog"",""Field General"",""Clearheaded""]",Impact,
95d658cb-3147-46e9-abe3-f5d0f9b9ca00,3020a55a-a94a-454b-aa63-34b697578c0d,ncaa_26,2026,LEO AVRIL,QB,Backfield Creator,4,6,4,200,Erie,PA,"{""speed"": 81, ""awareness"": 61, ""break_sack"": 77, ""throw_power"": 84, ""acceleration"": 84, ""throw_on_run"": 81, ""deep_accuracy"": 76, ""short_accuracy"": 75, ""under_pressure"": 79, ""medium_accuracy"": 72}",3020a55a-a94a-454b-aa63-34b697578c0d/797f09be-f091-480b-a931-4f9f998af3a8/1769574351644_13.png,,,,,2026-01-28 04:27:05.598835+00,2026-01-28 04:27:05.598835+00,High School,[],"[""Field General"",""Rollercoaster"",""Headstrong""]",Normal,
2a41cb61-3c82-40b8-af83-60bbac0bfafb,3020a55a-a94a-454b-aa63-34b697578c0d,ncaa_26,2026,LESTER STOKES,QB,Dual Threat,4,6,1,181,New Iberia,LA,"{""speed"": 80, ""awareness"": 65, ""break_sack"": 64, ""throw_power"": 90, ""acceleration"": 85, ""throw_on_run"": 81, ""deep_accuracy"": 67, ""short_accuracy"": 79, ""under_pressure"": 74, ""medium_accuracy"": 79}",3020a55a-a94a-454b-aa63-34b697578c0d/11992e75-3d30-4b77-b47c-8aafdf4874eb/1769538361176_1.png,,,,,2026-01-27 18:26:27.489366+00,2026-01-27 18:26:27.489366+00,High School,[],"[""Road Dog"",""The Natural""]",Impact,
6515f65e-84e7-4b0d-91eb-4feb0b1ea732,3020a55a-a94a-454b-aa63-34b697578c0d,ncaa_26,2026,LORENZO MIXON,QB,Backfield Creator,4,6,0,201,Covina,CA,"{""speed"": 78, ""awareness"": 81, ""break_sack"": 76, ""throw_power"": 87, ""acceleration"": 84, ""throw_on_run"": 81, ""deep_accuracy"": 76, ""short_accuracy"": 79, ""under_pressure"": 80, ""medium_accuracy"": 76}",3020a55a-a94a-454b-aa63-34b697578c0d/37c01ca5-7b0b-4fe2-8041-6c2fb6efa8bc/1769603998414_11.png,,,,,2026-01-28 12:41:13.842078+00,2026-01-28 12:41:13.842078+00,High School,[],[],Impact,
bdf52528-73c3-4b6d-9e1a-f297cba2052b,3020a55a-a94a-454b-aa63-34b697578c0d,ncaa_26,2026,LORENZO TUTTLE,QB,Dual Threat,4,6,0,187,Brooksville,FL,"{""speed"": 81, ""awareness"": 64, ""break_sack"": 65, ""throw_power"": 88, ""acceleration"": 87, ""throw_on_run"": 82, ""deep_accuracy"": 69, ""short_accuracy"": 77, ""under_pressure"": 77, ""medium_accuracy"": 78}",3020a55a-a94a-454b-aa63-34b697578c0d/9fa2c4b1-0a4d-42c8-a2af-2ecc0d28a50b/1769605857815_17.png,,,,,2026-01-28 13:12:41.950011+00,2026-01-28 13:12:41.950011+00,High School,[],"[""Field General"",""The Natural"",""Headstrong""]",Normal,
8071b625-2c50-47db-92fe-67b2b71c0f14,3020a55a-a94a-454b-aa63-34b697578c0d,ncaa_26,2026,LUIS SCIOLI,QB,Dual Threat,5,6,3,190,Houston,TX,"{""speed"": 81, ""awareness"": 61, ""break_sack"": 65, ""throw_power"": 93, ""acceleration"": 86, ""throw_on_run"": 81, ""deep_accuracy"": 66, ""short_accuracy"": 77, ""under_pressure"": 75, ""medium_accuracy"": 79}",3020a55a-a94a-454b-aa63-34b697578c0d/af3cd2cc-7c1a-4c6b-82e5-66f7ce4d46b8/1769535082742_0.png,,,,,2026-01-27 17:32:44.791316+00,2026-01-27 17:33:38.179485+00,High School,[],"[""Clearheaded""]",Normal,
00729b38-1c67-4d95-ac48-aa02d191e106,3020a55a-a94a-454b-aa63-34b697578c0d,ncaa_26,2026,MAFU BEAN,QB,Backfield Creator,4,6,2,213,Friendswood,TX,"{""speed"": 79, ""awareness"": 64, ""break_sack"": 77, ""throw_power"": 86, ""acceleration"": 85, ""throw_on_run"": 80, ""deep_accuracy"": 78, ""short_accuracy"": 77, ""under_pressure"": 80, ""medium_accuracy"": 75}",3020a55a-a94a-454b-aa63-34b697578c0d/b94d59ff-6642-43ef-8d5e-09f6ba1edefb/1769536437143_3.png,,,,,2026-01-27 17:54:36.524449+00,2026-01-27 17:54:36.524449+00,High School,[],"[""Headstrong"",""Road Dog"",""Clearheaded""]",Normal,
cc671867-1fb3-44cb-b720-a5be356a69dc,3020a55a-a94a-454b-aa63-34b697578c0d,ncaa_26,2026,MAKA TE'O,QB,Dual Threat,5,6,1,189,Atlanta,GA,"{""speed"": 81, ""awareness"": 72, ""break_sack"": 67, ""throw_power"": 93, ""acceleration"": 90, ""throw_on_run"": 82, ""deep_accuracy"": 69, ""short_accuracy"": 80, ""under_pressure"": 76, ""medium_accuracy"": 81}",3020a55a-a94a-454b-aa63-34b697578c0d/305828b3-0614-45e0-86db-b80fcb17c6ee/1769574667245_15.png,,,,,2026-01-28 04:32:38.179634+00,2026-01-28 04:32:38.179634+00,High School,[],[],Elite,
ddc47842-9de7-4254-b2cd-19a16d3bc702,3020a55a-a94a-454b-aa63-34b697578c0d,ncaa_26,2026,MANUEL ROSALES,QB,Dual Threat,5,6,4,212,College Station,TX,"{""speed"": 86, ""awareness"": 57, ""break_sack"": 66, ""throw_power"": 96, ""acceleration"": 90, ""throw_on_run"": 84, ""deep_accuracy"": 70, ""short_accuracy"": 83, ""under_pressure"": 76, ""medium_accuracy"": 81}",3020a55a-a94a-454b-aa63-34b697578c0d/af3cd2cc-7c1a-4c6b-82e5-66f7ce4d46b8/1769535083607_1.png,,,,,2026-01-27 17:32:50.470372+00,2026-01-27 18:00:32.196934+00,High School,[],"[""Clearheaded"",""Fan Favorite"",""Rollercoaster""]",Star,green
f70dfc55-d6ab-4914-aaba-4ea81f12be7a,3020a55a-a94a-454b-aa63-34b697578c0d,ncaa_26,2026,MARCO RUUD,QB,Dual Threat,4,6,5,214,Jacksonville,FL,"{""speed"": 85, ""awareness"": 71, ""break_sack"": 68, ""throw_power"": 93, ""acceleration"": 89, ""throw_on_run"": 84, ""deep_accuracy"": 70, ""short_accuracy"": 83, ""under_pressure"": 77, ""medium_accuracy"": 83}",3020a55a-a94a-454b-aa63-34b697578c0d/a342ce80-d121-447f-8178-098d349cc036/1769573468562_13.png,,,,,2026-01-28 04:12:33.253497+00,2026-01-28 04:12:33.253497+00,High School,[],"[""Road Dog""]",Star,
018029b8-1d3b-434a-b356-a51b2d087812,3020a55a-a94a-454b-aa63-34b697578c0d,ncaa_26,2026,MARCUS TYMS,QB,Dual Threat,4,6,3,188,Sarasota,FL,"{""speed"": 80, ""awareness"": 66, ""break_sack"": 64, ""throw_power"": 93, ""acceleration"": 87, ""throw_on_run"": 80, ""deep_accuracy"": 67, ""short_accuracy"": 79, ""under_pressure"": 77, ""medium_accuracy"": 80}",3020a55a-a94a-454b-aa63-34b697578c0d/8baa810f-bdbd-4cc5-a4b6-ee6affb33bb5/1769537845773_5.png,,,,,2026-01-27 18:18:33.228207+00,2026-01-27 18:18:33.228207+00,High School,[],"[""Road Dog""]",Impact,red
c278a961-5e87-4245-9fdd-b075832b11b8,3020a55a-a94a-454b-aa63-34b697578c0d,ncaa_26,2026,MARQUES GARNES,QB,Backfield Creator,4,6,2,208,Portsmouth,VA,"{""speed"": 81, ""awareness"": 65, ""break_sack"": 76, ""throw_power"": 87, ""acceleration"": 82, ""throw_on_run"": 79, ""deep_accuracy"": 82, ""short_accuracy"": 79, ""under_pressure"": 80, ""medium_accuracy"": 77}",3020a55a-a94a-454b-aa63-34b697578c0d/9f89286f-f6e9-4073-bfba-91f5f815cee7/1769605158988_6.png,,,,,2026-01-28 13:01:15.103537+00,2026-01-28 13:01:15.103537+00,High School,[],"[""Rollercoaster""]",Impact,green
e5e251c5-ce75-4c7c-9a75-eb99f6eb206c,3020a55a-a94a-454b-aa63-34b697578c0d,ncaa_26,2026,MARQUEZ COUPLIN,QB,Pocket Passer,4,6,5,178,Parker,CO,"{""speed"": 75, ""awareness"": 74, ""break_sack"": 60, ""throw_power"": 89, ""acceleration"": 79, ""throw_on_run"": 74, ""deep_accuracy"": 74, ""short_accuracy"": 84, ""under_pressure"": 74, ""medium_accuracy"": 82}",3020a55a-a94a-454b-aa63-34b697578c0d/8baa810f-bdbd-4cc5-a4b6-ee6affb33bb5/1769537853297_15.png,,,,,2026-01-27 18:19:04.464023+00,2026-01-27 18:19:04.464023+00,High School,[],"[""Winning Time"",""Fan Favorite"",""Headstrong""]",Normal,
d818f925-1c10-4c50-a150-5cb140839beb,3020a55a-a94a-454b-aa63-34b697578c0d,ncaa_26,2026,MARQUEZ HAEG,QB,Pocket Passer,4,6,5,199,Fort Mill,SC,"{""speed"": 76, ""awareness"": 75, ""break_sack"": 57, ""throw_power"": 90, ""acceleration"": 81, ""throw_on_run"": 75, ""deep_accuracy"": 73, ""short_accuracy"": 83, ""under_pressure"": 74, ""medium_accuracy"": 82}",3020a55a-a94a-454b-aa63-34b697578c0d/200bf608-a342-4187-b6fa-74407a59ab19/1769572236448_17.png,,,,,2026-01-28 03:51:43.29555+00,2026-01-28 03:51:43.29555+00,High School,[],"[""Clearheaded"",""Winning Time"",""Adrenaline""]",Star,green
cf6cfebf-93c1-4d6c-9f49-db30e970e373,3020a55a-a94a-454b-aa63-34b697578c0d,ncaa_26,2026,MARVIN FASSITT,QB,Backfield Creator,4,6,2,222,Cincinnati,OH,"{""speed"": 81, ""awareness"": 67, ""break_sack"": 76, ""throw_power"": 86, ""acceleration"": 85, ""throw_on_run"": 80, ""deep_accuracy"": 77, ""short_accuracy"": 79, ""under_pressure"": 78, ""medium_accuracy"": 75}",3020a55a-a94a-454b-aa63-34b697578c0d/9f89286f-f6e9-4073-bfba-91f5f815cee7/1769605162218_10.png,,,,,2026-01-28 13:01:25.306003+00,2026-01-28 13:01:25.306003+00,High School,[],[],Elite,
d5e32920-1d45-414c-ae0e-ca4cc4acc536,3020a55a-a94a-454b-aa63-34b697578c0d,ncaa_26,2026,MATT CAVKA,QB,Dual Threat,4,6,2,214,Moore,OK,"{""speed"": 81, ""awareness"": 67, ""break_sack"": 67, ""throw_power"": 91, ""acceleration"": 88, ""throw_on_run"": 81, ""deep_accuracy"": 68, ""short_accuracy"": 83, ""under_pressure"": 77, ""medium_accuracy"": 83}",3020a55a-a94a-454b-aa63-34b697578c0d/a342ce80-d121-447f-8178-098d349cc036/1769573471675_16.png,,,,,2026-01-28 04:12:57.117604+00,2026-01-28 04:12:57.117604+00,High School,[],"[""Clearheaded"",""Road Dog"",""Rollercoaster""]",Star,red
28883384-6f6b-46d9-bf0d-a6d2e0d85630,3020a55a-a94a-454b-aa63-34b697578c0d,ncaa_26,2026,MATT GRAVES,QB,Dual Threat,4,6,0,185,Gainesville,GA,"{""speed"": 80, ""awareness"": 66, ""break_sack"": 65, ""throw_power"": 92, ""acceleration"": 87, ""throw_on_run"": 82, ""deep_accuracy"": 66, ""short_accuracy"": 79, ""under_pressure"": 75, ""medium_accuracy"": 77}",3020a55a-a94a-454b-aa63-34b697578c0d/305828b3-0614-45e0-86db-b80fcb17c6ee/1769574656125_2.png,,,,,2026-01-28 04:31:46.897308+00,2026-01-28 04:31:46.897308+00,High School,[],"[""Adrenaline"",""Road Dog"",""Field General""]",Impact,
a56008dc-77c0-43ed-8878-36be05e93f34,3020a55a-a94a-454b-aa63-34b697578c0d,ncaa_26,2026,MATT HATCHETT,QB,Backfield Creator,4,6,3,192,Spring,TX,"{""speed"": 81, ""awareness"": 67, ""break_sack"": 74, ""throw_power"": 86, ""acceleration"": 85, ""throw_on_run"": 81, ""deep_accuracy"": 79, ""short_accuracy"": 74, ""under_pressure"": 81, ""medium_accuracy"": 72}",3020a55a-a94a-454b-aa63-34b697578c0d/58073f05-ea50-4f84-a461-60462810cc4d/1769535512637_8.png,,,,,2026-01-27 17:39:24.015578+00,2026-01-27 17:39:24.015578+00,High School,[],"[""Adrenaline"",""Fan Favorite"",""Rollercoaster""]",Star,
fc1485eb-f27d-4370-88bf-874d35f49531,3020a55a-a94a-454b-aa63-34b697578c0d,ncaa_26,2026,MATT LICHTENSTEIGER,QB,Pocket Passer,4,6,5,224,Mansfield,TX,"{""speed"": 74, ""awareness"": 77, ""break_sack"": 60, ""throw_power"": 91, ""acceleration"": 83, ""throw_on_run"": 77, ""deep_accuracy"": 73, ""short_accuracy"": 82, ""under_pressure"": 75, ""medium_accuracy"": 81}",3020a55a-a94a-454b-aa63-34b697578c0d/200bf608-a342-4187-b6fa-74407a59ab19/1769572228059_7.png,,,,,2026-01-28 03:51:16.698813+00,2026-01-28 12:24:03.827038+00,High School,[],"[""Road Dog"",""Headstrong""]",Normal,green
45ab673e-465f-4b89-bab3-b52a6afe9320,3020a55a-a94a-454b-aa63-34b697578c0d,ncaa_26,2026,MATT MACKLIN,QB,Backfield Creator,4,6,1,210,Marysville,OH,"{""speed"": 80, ""awareness"": 63, ""break_sack"": 74, ""throw_power"": 86, ""acceleration"": 85, ""throw_on_run"": 82, ""deep_accuracy"": 79, ""short_accuracy"": 74, ""under_pressure"": 80, ""medium_accuracy"": 74}",3020a55a-a94a-454b-aa63-34b697578c0d/9f89286f-f6e9-4073-bfba-91f5f815cee7/1769605167879_17.png,,,,,2026-01-28 13:00:42.786842+00,2026-01-28 13:00:42.786842+00,High School,[],"[""The Natural"",""Fan Favorite"",""Winning Time""]",Star,
f1bb7c81-4057-4a12-b3c1-ec4ea0543b85,3020a55a-a94a-454b-aa63-34b697578c0d,ncaa_26,2026,MATTHEW LAROCQUE,QB,Backfield Creator,4,6,0,211,Las Vegas,NV,"{""speed"": 83, ""awareness"": 62, ""break_sack"": 76, ""throw_power"": 86, ""acceleration"": 84, ""throw_on_run"": 82, ""deep_accuracy"": 82, ""short_accuracy"": 75, ""under_pressure"": 78, ""medium_accuracy"": 75}",3020a55a-a94a-454b-aa63-34b697578c0d/9fa2c4b1-0a4d-42c8-a2af-2ecc0d28a50b/1769605848525_6.png,,,,,2026-01-28 13:11:34.723253+00,2026-01-28 13:11:34.723253+00,High School,[],"[""Adrenaline"",""Road Dog"",""Winning Time""]",Elite,green
500185e6-6df0-4afb-a94e-cec2a8f8eeb3,3020a55a-a94a-454b-aa63-34b697578c0d,ncaa_26,2026,MATTHEW LAW,QB,Pocket Passer,4,6,2,195,Hayward,CA,"{""speed"": 77, ""awareness"": 75, ""break_sack"": 62, ""throw_power"": 89, ""acceleration"": 80, ""throw_on_run"": 75, ""deep_accuracy"": 73, ""short_accuracy"": 85, ""under_pressure"": 73, ""medium_accuracy"": 83}",3020a55a-a94a-454b-aa63-34b697578c0d/625c202e-0cb5-408c-9fd5-d476742d073e/1769607505771_6.png,,,,,2026-01-28 13:39:46.057125+00,2026-01-28 13:39:46.057125+00,High School,"[""Step Up""]","[""Headstrong"",""Winning Time""]",Star,green
9021e994-6d67-411d-aa5e-f4c79808fbe5,3020a55a-a94a-454b-aa63-34b697578c0d,ncaa_26,2026,MATTHEW MCLENDON,QB,Backfield Creator,4,6,3,199,Catawissa,PA,"{""speed"": 82, ""awareness"": 64, ""break_sack"": 76, ""throw_power"": 86, ""acceleration"": 83, ""throw_on_run"": 80, ""deep_accuracy"": 81, ""short_accuracy"": 79, ""under_pressure"": 81, ""medium_accuracy"": 72}",3020a55a-a94a-454b-aa63-34b697578c0d/58073f05-ea50-4f84-a461-60462810cc4d/1769535510789_6.png,,,,,2026-01-27 17:39:18.252992+00,2026-01-27 17:59:53.993442+00,High School,[],"[""Winning Time"",""Clearheaded""]",Star,green
d87c923f-5b28-4fd9-a1ee-73608f6a3a68,3020a55a-a94a-454b-aa63-34b697578c0d,ncaa_26,2026,MAURICE ABRAHAM,QB,Pocket Passer,4,6,5,180,Springfield,MA,"{""speed"": 78, ""awareness"": 73, ""break_sack"": 61, ""throw_power"": 91, ""acceleration"": 81, ""throw_on_run"": 77, ""deep_accuracy"": 77, ""short_accuracy"": 85, ""under_pressure"": 75, ""medium_accuracy"": 81}",3020a55a-a94a-454b-aa63-34b697578c0d/a342ce80-d121-447f-8178-098d349cc036/1769573465466_9.png,,,,,2026-01-28 04:12:22.022507+00,2026-01-28 04:12:22.022507+00,High School,[],"[""Clearheaded""]",Normal,
a4475175-d230-4ae8-a1c1-5d9db30d359d,3020a55a-a94a-454b-aa63-34b697578c0d,ncaa_26,2026,MAX REDMAN,QB,Backfield Creator,4,6,4,192,Montvale,NJ,"{""speed"": 80, ""awareness"": 62, ""break_sack"": 74, ""throw_power"": 87, ""acceleration"": 82, ""throw_on_run"": 81, ""deep_accuracy"": 82, ""short_accuracy"": 79, ""under_pressure"": 81, ""medium_accuracy"": 75}",3020a55a-a94a-454b-aa63-34b697578c0d/6f19e232-33b9-452c-8b01-ace4075aef14/1769572420707_15.png,,,,,2026-01-28 03:55:01.034276+00,2026-01-28 03:55:01.034276+00,High School,[],"[""The Natural""]",Star,green
12f75a7a-d5cc-419f-862b-7a583fc055e1,3020a55a-a94a-454b-aa63-34b697578c0d,ncaa_26,2026,MELVIN SCRUGGS,QB,Backfield Creator,4,6,3,212,Bremen,GA,"{""speed"": 79, ""awareness"": 62, ""break_sack"": 74, ""throw_power"": 84, ""acceleration"": 85, ""throw_on_run"": 82, ""deep_accuracy"": 77, ""short_accuracy"": 79, ""under_pressure"": 78, ""medium_accuracy"": 74}",3020a55a-a94a-454b-aa63-34b697578c0d/37c01ca5-7b0b-4fe2-8041-6c2fb6efa8bc/1769604006839_21.png,,,,,2026-01-28 12:42:15.021992+00,2026-01-28 12:42:15.021992+00,High School,[],"[""Road Dog""]",Normal,
7a842442-f164-4c17-87e8-bb79b9ce259e,3020a55a-a94a-454b-aa63-34b697578c0d,ncaa_26,2026,MICK EISEN,QB,Dual Threat,4,6,2,186,Paramus,NJ,"{""speed"": 81, ""awareness"": 69, ""break_sack"": 65, ""throw_power"": 96, ""acceleration"": 84, ""throw_on_run"": 82, ""deep_accuracy"": 66, ""short_accuracy"": 77, ""under_pressure"": 76, ""medium_accuracy"": 77}",3020a55a-a94a-454b-aa63-34b697578c0d/8baa810f-bdbd-4cc5-a4b6-ee6affb33bb5/1769537851765_13.png,,,,,2026-01-27 18:18:58.763619+00,2026-01-27 18:18:58.763619+00,High School,[],"[""Road Dog""]",Elite,green
20c47f2a-7b40-4914-8f2b-93615d9f76e6,3020a55a-a94a-454b-aa63-34b697578c0d,ncaa_26,2026,MIKE SOTO,QB,Backfield Creator,4,6,3,195,Elkhart,IN,"{""speed"": 79, ""awareness"": 62, ""break_sack"": 74, ""throw_power"": 85, ""acceleration"": 82, ""throw_on_run"": 82, ""deep_accuracy"": 76, ""short_accuracy"": 75, ""under_pressure"": 80, ""medium_accuracy"": 75}",3020a55a-a94a-454b-aa63-34b697578c0d/8baa810f-bdbd-4cc5-a4b6-ee6affb33bb5/1769537852531_14.png,,,,,2026-01-27 18:18:28.004044+00,2026-01-27 18:18:28.004044+00,High School,[],"[""Rollercoaster""]",Normal,
bced4d0c-eeb3-4dfe-966b-eca4400d9f78,3020a55a-a94a-454b-aa63-34b697578c0d,ncaa_26,2026,MILES MARVIN,QB,Pocket Passer,4,6,4,214,Valdosta,GA,"{""speed"": 78, ""awareness"": 74, ""break_sack"": 59, ""throw_power"": 92, ""acceleration"": 84, ""throw_on_run"": 76, ""deep_accuracy"": 75, ""short_accuracy"": 84, ""under_pressure"": 75, ""medium_accuracy"": 80}",3020a55a-a94a-454b-aa63-34b697578c0d/37c01ca5-7b0b-4fe2-8041-6c2fb6efa8bc/1769603988476_3.png,,,,,2026-01-28 12:40:31.839704+00,2026-01-28 12:40:31.839704+00,High School,[],[],Normal,
bd984143-d4b0-41ec-a54b-d571a2307df3,3020a55a-a94a-454b-aa63-34b697578c0d,ncaa_26,2026,MILES MEKARI,QB,Pocket Passer,4,6,3,198,Atlanta,GA,"{""speed"": 75, ""awareness"": 71, ""break_sack"": 58, ""throw_power"": 89, ""acceleration"": 76, ""throw_on_run"": 72, ""deep_accuracy"": 76, ""short_accuracy"": 82, ""under_pressure"": 75, ""medium_accuracy"": 83}",3020a55a-a94a-454b-aa63-34b697578c0d/200bf608-a342-4187-b6fa-74407a59ab19/1769572234817_15.png,,,,,2026-01-28 03:51:37.700336+00,2026-01-28 03:51:37.700336+00,High School,[],"[""Winning Time"",""The Natural"",""Clearheaded""]",Impact,
9dfc1951-cda2-4029-b350-b694c6a2f775,3020a55a-a94a-454b-aa63-34b697578c0d,ncaa_26,2026,MONTELL FATINIKUN,QB,Dual Threat,4,5,11,182,Leesburg,GA,"{""speed"": 81, ""awareness"": 65, ""break_sack"": 65, ""throw_power"": 89, ""acceleration"": 86, ""throw_on_run"": 80, ""deep_accuracy"": 67, ""short_accuracy"": 81, ""under_pressure"": 77, ""medium_accuracy"": 77}",3020a55a-a94a-454b-aa63-34b697578c0d/f2fe5934-35a4-417c-bd51-f65da55000b0/1769606258246_4.png,,,,,2026-01-28 13:18:16.150371+00,2026-01-28 13:18:16.150371+00,High School,[],[],Normal,
c4db8e00-bc05-453a-85c4-d3eed06bcb09,3020a55a-a94a-454b-aa63-34b697578c0d,ncaa_26,2026,MONTY FATINIKUN,QB,Pocket Passer,4,6,3,196,Fresno,CA,"{""speed"": 79, ""awareness"": 73, ""break_sack"": 61, ""throw_power"": 92, ""acceleration"": 84, ""throw_on_run"": 74, ""deep_accuracy"": 78, ""short_accuracy"": 84, ""under_pressure"": 75, ""medium_accuracy"": 83}",3020a55a-a94a-454b-aa63-34b697578c0d/f2fe5934-35a4-417c-bd51-f65da55000b0/1769606259012_5.png,,,,,2026-01-28 13:18:22.278584+00,2026-01-28 13:18:22.278584+00,High School,"[""Step Up""]","[""Road Dog"",""Winning Time"",""Rollercoaster""]",Impact,green
d834e433-a3c9-45dc-8ca0-05eb55e3de16,3020a55a-a94a-454b-aa63-34b697578c0d,ncaa_26,2026,MORGAN SMELTER,QB,Pocket Passer,4,6,5,183,Chino,CA,"{""speed"": 75, ""awareness"": 72, ""break_sack"": 60, ""throw_power"": 89, ""acceleration"": 83, ""throw_on_run"": 74, ""deep_accuracy"": 75, ""short_accuracy"": 82, ""under_pressure"": 73, ""medium_accuracy"": 80}",3020a55a-a94a-454b-aa63-34b697578c0d/6f19e232-33b9-452c-8b01-ace4075aef14/1769572408456_2.png,,,,,2026-01-28 03:54:00.683471+00,2026-01-28 03:54:00.683471+00,High School,[],"[""Winning Time"",""Fan Favorite""]",Normal,
18aeb495-a6ec-462c-aee4-1f0e7a116a9f,3020a55a-a94a-454b-aa63-34b697578c0d,ncaa_26,2026,NASIR CLAYTON,QB,Backfield Creator,4,6,1,204,Dearborn,MI,"{""speed"": 80, ""awareness"": 65, ""break_sack"": 76, ""throw_power"": 86, ""acceleration"": 84, ""throw_on_run"": 79, ""deep_accuracy"": 79, ""short_accuracy"": 74, ""under_pressure"": 81, ""medium_accuracy"": 72}",3020a55a-a94a-454b-aa63-34b697578c0d/da35812b-39ae-4163-a3cf-1b4121d35fee/1769573176282_15.png,,,,,2026-01-28 04:07:03.084181+00,2026-01-28 04:07:03.084181+00,High School,[],"[""Fan Favorite"",""Rollercoaster"",""Clearheaded""]",Star,
761c725e-a7f3-4ee9-b1e3-7af3d5681283,3020a55a-a94a-454b-aa63-34b697578c0d,ncaa_26,2026,NATHAN WAKE,ATH,Dual Threat,4,6,2,215,Charleston,SC,"{""speed"": 82, ""awareness"": 69, ""break_sack"": 86, ""throw_power"": 88, ""acceleration"": 87, ""throw_on_run"": 84, ""deep_accuracy"": 70, ""short_accuracy"": 81, ""under_pressure"": 72, ""medium_accuracy"": 75}",3020a55a-a94a-454b-aa63-34b697578c0d/58073f05-ea50-4f84-a461-60462810cc4d/1769535509240_4.png,,,,,2026-01-27 17:39:07.434999+00,2026-01-27 17:39:07.434999+00,High School,"[""Extender""]",[],Impact,
53e1f062-8f08-49ad-a1be-dbd50b9b9896,3020a55a-a94a-454b-aa63-34b697578c0d,ncaa_26,2026,NICK BROWN,QB,Pocket Passer,4,6,4,177,Honolulu,HI,"{""speed"": 75, ""awareness"": 75, ""break_sack"": 58, ""throw_power"": 90, ""acceleration"": 77, ""throw_on_run"": 76, ""deep_accuracy"": 75, ""short_accuracy"": 85, ""under_pressure"": 74, ""medium_accuracy"": 83}",3020a55a-a94a-454b-aa63-34b697578c0d/305828b3-0614-45e0-86db-b80fcb17c6ee/1769574657658_3.png,,,,,2026-01-28 04:31:30.024363+00,2026-01-28 04:31:30.024363+00,High School,[],"[""Road Dog"",""Winning Time"",""Rollercoaster""]",Impact,
ad6137fb-4f3b-4bf0-8a7a-2f3e6a3b69c0,3020a55a-a94a-454b-aa63-34b697578c0d,ncaa_26,2026,NICK RENFREE,QB,Pocket Passer,4,6,4,189,Cincinnati,OH,"{""speed"": 74, ""awareness"": 72, ""break_sack"": 57, ""throw_power"": 89, ""acceleration"": 83, ""throw_on_run"": 74, ""deep_accuracy"": 77, ""short_accuracy"": 85, ""under_pressure"": 73, ""medium_accuracy"": 81}",3020a55a-a94a-454b-aa63-34b697578c0d/37c01ca5-7b0b-4fe2-8041-6c2fb6efa8bc/1769604004525_18.png,,,,,2026-01-28 12:41:41.188589+00,2026-01-28 12:41:41.188589+00,High School,[],[],Impact,
9926ddcc-e101-4504-aedc-cad692af7615,3020a55a-a94a-454b-aa63-34b697578c0d,ncaa_26,2026,NICK ROLAND,ATH,Dual Threat,4,6,1,198,Middle Village,NY,"{""speed"": 84, ""awareness"": 61, ""break_sack"": 82, ""throw_power"": 84, ""acceleration"": 88, ""throw_on_run"": 83, ""deep_accuracy"": 66, ""short_accuracy"": 75, ""under_pressure"": 74, ""medium_accuracy"": 68}",3020a55a-a94a-454b-aa63-34b697578c0d/6f19e232-33b9-452c-8b01-ace4075aef14/1769572411685_6.png,,,,,2026-01-28 03:54:12.240831+00,2026-01-28 03:54:12.240831+00,High School,[],"[""Adrenaline"",""The Natural"",""Headstrong""]",Elite,green
e352cfe8-5afa-4cee-a826-eb48bdffa6e7,3020a55a-a94a-454b-aa63-34b697578c0d,ncaa_26,2026,NICK UPSHAW,ATH,Dual Threat,4,6,4,207,Belton,TX,"{""speed"": 82, ""awareness"": 62, ""break_sack"": 81, ""throw_power"": 85, ""acceleration"": 88, ""throw_on_run"": 80, ""deep_accuracy"": 68, ""short_accuracy"": 72, ""under_pressure"": 71, ""medium_accuracy"": 68}",3020a55a-a94a-454b-aa63-34b697578c0d/a342ce80-d121-447f-8178-098d349cc036/1769573458060_0.png,,,,,2026-01-28 04:11:19.125448+00,2026-01-28 04:11:19.125448+00,High School,[],[],Normal,
ea22e9e2-2213-45f2-bbb4-435cc1dddda8,3020a55a-a94a-454b-aa63-34b697578c0d,ncaa_26,2026,NICO VAZQUEZ,QB,Backfield Creator,4,6,3,214,San Clemente,CA,"{""speed"": 80, ""awareness"": 65, ""break_sack"": 75, ""throw_power"": 86, ""acceleration"": 83, ""throw_on_run"": 81, ""deep_accuracy"": 79, ""short_accuracy"": 79, ""under_pressure"": 79, ""medium_accuracy"": 72}",3020a55a-a94a-454b-aa63-34b697578c0d/9f89286f-f6e9-4073-bfba-91f5f815cee7/1769605158206_5.png,,,,,2026-01-28 12:59:49.826943+00,2026-01-28 12:59:49.826943+00,High School,[],"[""Adrenaline""]",Normal,green
aa2b2bfb-6534-40a9-9fea-056ea972ba8b,3020a55a-a94a-454b-aa63-34b697578c0d,ncaa_26,2026,ORLANDO LITTLE,QB,Dual Threat,4,6,5,181,Tulsa,OK,"{""speed"": 78, ""awareness"": 69, ""break_sack"": 66, ""throw_power"": 88, ""acceleration"": 87, ""throw_on_run"": 79, ""deep_accuracy"": 66, ""short_accuracy"": 80, ""under_pressure"": 77, ""medium_accuracy"": 79}",3020a55a-a94a-454b-aa63-34b697578c0d/797f09be-f091-480b-a931-4f9f998af3a8/1769574347016_7.png,,,,,2026-01-28 04:26:40.065021+00,2026-01-28 04:26:40.065021+00,High School,[],"[""Winning Time"",""Fan Favorite"",""Rollercoaster""]",Impact,
06787373-cfee-46cc-a87d-752e0ef07712,3020a55a-a94a-454b-aa63-34b697578c0d,ncaa_26,2026,PARKER SHELBY,QB,Pocket Passer,4,6,5,195,Montvale,NJ,"{""speed"": 70, ""awareness"": 75, ""break_sack"": 59, ""throw_power"": 87, ""acceleration"": 81, ""throw_on_run"": 77, ""deep_accuracy"": 74, ""short_accuracy"": 82, ""under_pressure"": 75, ""medium_accuracy"": 82}",3020a55a-a94a-454b-aa63-34b697578c0d/4ed88b2b-2a63-4bfd-a896-3868da5c78f3/1769573697825_4.png,,,,,2026-01-28 04:15:53.313078+00,2026-01-28 12:25:13.73182+00,High School,[],[],Normal,red
2b2bc771-93e0-495e-bab5-c91d70a42459,3020a55a-a94a-454b-aa63-34b697578c0d,ncaa_26,2026,PAT ALBRIGHT,QB,Pocket Passer,4,6,5,210,Mansfield,TX,"{""speed"": 79, ""awareness"": 79, ""break_sack"": 63, ""throw_power"": 96, ""acceleration"": 80, ""throw_on_run"": 78, ""deep_accuracy"": 79, ""short_accuracy"": 85, ""under_pressure"": 74, ""medium_accuracy"": 84}",3020a55a-a94a-454b-aa63-34b697578c0d/f2fe5934-35a4-417c-bd51-f65da55000b0/1769606264956_11.png,,,,,2026-01-28 13:19:03.141897+00,2026-01-28 13:19:03.141897+00,High School,[],[],Star,green
b01a8c9f-bb2d-4c20-9f9f-c93f810db0df,3020a55a-a94a-454b-aa63-34b697578c0d,ncaa_26,2026,PAT TROUP,ATH,Dual Threat,4,6,1,215,Ann Arbor,MI,"{""speed"": 84, ""awareness"": 65, ""break_sack"": 77, ""throw_power"": 91, ""acceleration"": 89, ""throw_on_run"": 80, ""deep_accuracy"": 62, ""short_accuracy"": 73, ""under_pressure"": 69, ""medium_accuracy"": 70}",3020a55a-a94a-454b-aa63-34b697578c0d/4ed88b2b-2a63-4bfd-a896-3868da5c78f3/1769573699357_6.png,,,,,2026-01-28 04:15:58.610062+00,2026-01-28 04:15:58.610062+00,High School,[],"[""Road Dog"",""Field General"",""Winning Time""]",Impact,
910e0a4f-2864-465b-828f-3ac2dac62368,3020a55a-a94a-454b-aa63-34b697578c0d,ncaa_26,2026,PATRICK OBI,QB,Backfield Creator,4,6,1,214,Atlanta,GA,"{""speed"": 81, ""awareness"": 61, ""break_sack"": 75, ""throw_power"": 86, ""acceleration"": 84, ""throw_on_run"": 81, ""deep_accuracy"": 79, ""short_accuracy"": 76, ""under_pressure"": 81, ""medium_accuracy"": 76}",3020a55a-a94a-454b-aa63-34b697578c0d/200bf608-a342-4187-b6fa-74407a59ab19/1769572224696_4.png,,,,,2026-01-28 03:50:55.295244+00,2026-01-28 03:50:55.295244+00,High School,[],"[""Road Dog"",""Field General"",""Adrenaline""]",Impact,
0c1b0a40-4778-478e-b996-69ef5912ed6c,3020a55a-a94a-454b-aa63-34b697578c0d,ncaa_26,2026,PAUL PLUMMER,ATH,Dual Threat,4,6,3,222,Pflugerville,TX,"{""speed"": 86, ""awareness"": 69, ""break_sack"": 72, ""throw_power"": 90, ""acceleration"": 87, ""throw_on_run"": 80, ""deep_accuracy"": 85, ""short_accuracy"": 86, ""under_pressure"": 77, ""medium_accuracy"": 82}",3020a55a-a94a-454b-aa63-34b697578c0d/b8c3c650-9ec3-4fbd-a512-147a8d8a3d43/1769550593069_10.png,,,,,2026-01-27 21:51:46.385648+00,2026-01-27 21:51:46.385648+00,High School,[],"[""The Natural"",""Headstrong"",""Adrenaline""]",Impact,
367e163e-0afb-4b24-8919-065d36a77c96,3020a55a-a94a-454b-aa63-34b697578c0d,ncaa_26,2026,PHILIP MOFFITT,ATH,Dual Threat,4,6,0,195,Longwood,FL,"{""speed"": 88, ""awareness"": 63, ""break_sack"": 82, ""throw_power"": 84, ""acceleration"": 87, ""throw_on_run"": 83, ""deep_accuracy"": 67, ""short_accuracy"": 75, ""under_pressure"": 75, ""medium_accuracy"": 71}",3020a55a-a94a-454b-aa63-34b697578c0d/200bf608-a342-4187-b6fa-74407a59ab19/1769572229840_9.png,,,,,2026-01-28 03:51:22.094477+00,2026-01-28 03:51:22.094477+00,High School,[],"[""Fan Favorite"",""Adrenaline"",""Headstrong""]",Impact,
2436b942-d1de-46ec-a219-ca22e94d838c,3020a55a-a94a-454b-aa63-34b697578c0d,ncaa_26,2026,QUINCEY MICHAUD,QB,Backfield Creator,4,6,1,194,Atlanta,GA,"{""speed"": 79, ""awareness"": 63, ""break_sack"": 76, ""throw_power"": 85, ""acceleration"": 84, ""throw_on_run"": 82, ""deep_accuracy"": 77, ""short_accuracy"": 75, ""under_pressure"": 79, ""medium_accuracy"": 77}",3020a55a-a94a-454b-aa63-34b697578c0d/200bf608-a342-4187-b6fa-74407a59ab19/1769572231538_11.png,,,,,2026-01-28 03:51:27.153841+00,2026-01-28 03:51:27.153841+00,High School,[],"[""The Natural""]",Normal,
8e4b22dc-dd8e-48d1-a0c9-af0fbd801f96,3020a55a-a94a-454b-aa63-34b697578c0d,ncaa_26,2026,QUINCEY SEXTON,QB,Pocket Passer,4,6,5,216,San Mateo,CA,"{""speed"": 77, ""awareness"": 72, ""break_sack"": 58, ""throw_power"": 91, ""acceleration"": 84, ""throw_on_run"": 73, ""deep_accuracy"": 75, ""short_accuracy"": 84, ""under_pressure"": 74, ""medium_accuracy"": 83}",3020a55a-a94a-454b-aa63-34b697578c0d/8baa810f-bdbd-4cc5-a4b6-ee6affb33bb5/1769537842027_1.png,,,,,2026-01-27 18:17:40.1677+00,2026-01-27 18:17:40.1677+00,High School,[],"[""Field General""]",Impact,
e7ba1758-b825-4197-bc61-779c09f654e0,3020a55a-a94a-454b-aa63-34b697578c0d,ncaa_26,2026,RAFAEL MORENCY,QB,Pocket Passer,4,6,2,199,Valrico,FL,"{""speed"": 77, ""awareness"": 74, ""break_sack"": 61, ""throw_power"": 91, ""acceleration"": 82, ""throw_on_run"": 76, ""deep_accuracy"": 73, ""short_accuracy"": 82, ""under_pressure"": 72, ""medium_accuracy"": 83}",3020a55a-a94a-454b-aa63-34b697578c0d/625c202e-0cb5-408c-9fd5-d476742d073e/1769607502542_2.png,,,,,2026-01-28 13:39:35.294823+00,2026-01-28 13:39:35.294823+00,High School,"[""Step Up""]","[""Road Dog"",""Clearheaded"",""Field General""]",Normal,
04dbe296-df60-48ac-8abd-341391e39c60,3020a55a-a94a-454b-aa63-34b697578c0d,ncaa_26,2026,RALPH MONROE,QB,Dual Threat,4,6,3,214,Baltimore,MD,"{""speed"": 81, ""awareness"": 69, ""break_sack"": 66, ""throw_power"": 89, ""acceleration"": 86, ""throw_on_run"": 79, ""deep_accuracy"": 66, ""short_accuracy"": 80, ""under_pressure"": 77, ""medium_accuracy"": 78}",3020a55a-a94a-454b-aa63-34b697578c0d/9fa2c4b1-0a4d-42c8-a2af-2ecc0d28a50b/1769605845428_2.png,,,,,2026-01-28 13:11:12.254056+00,2026-01-28 13:11:12.254056+00,High School,[],"[""Clearheaded""]",Impact,
bfbfde76-ca50-45c4-9533-2c4801362c33,3020a55a-a94a-454b-aa63-34b697578c0d,ncaa_26,2026,RAMON BURKS,QB,Dual Threat,4,6,2,201,Soquel,CA,"{""speed"": 78, ""awareness"": 79, ""break_sack"": 67, ""throw_power"": 90, ""acceleration"": 86, ""throw_on_run"": 79, ""deep_accuracy"": 66, ""short_accuracy"": 79, ""under_pressure"": 75, ""medium_accuracy"": 78}",3020a55a-a94a-454b-aa63-34b697578c0d/da35812b-39ae-4163-a3cf-1b4121d35fee/1769573174667_14.png,,,,,2026-01-28 04:07:45.255243+00,2026-01-28 04:07:45.255243+00,High School,[],[],Normal,
93bda3d6-59a5-41dd-9ec2-029a36ae8d0f,3020a55a-a94a-454b-aa63-34b697578c0d,ncaa_26,2026,RAMON LIMA,QB,Backfield Creator,4,6,1,202,Scottsdale,AZ,"{""speed"": 79, ""awareness"": 64, ""break_sack"": 76, ""throw_power"": 84, ""acceleration"": 82, ""throw_on_run"": 82, ""deep_accuracy"": 80, ""short_accuracy"": 77, ""under_pressure"": 81, ""medium_accuracy"": 74}",3020a55a-a94a-454b-aa63-34b697578c0d/da35812b-39ae-4163-a3cf-1b4121d35fee/1769573168325_6.png,,,,,2026-01-28 04:07:24.902045+00,2026-01-28 04:07:24.902045+00,High School,[],"[""The Natural"",""Headstrong"",""Fan Favorite""]",Impact,
c067cd64-bf0f-4008-88b7-000021537bb5,3020a55a-a94a-454b-aa63-34b697578c0d,ncaa_26,2026,RASHAD HART,QB,Dual Threat,4,6,3,176,Moss Point,MS,"{""speed"": 81, ""awareness"": 67, ""break_sack"": 67, ""throw_power"": 92, ""acceleration"": 87, ""throw_on_run"": 79, ""deep_accuracy"": 68, ""short_accuracy"": 77, ""under_pressure"": 76, ""medium_accuracy"": 80}",3020a55a-a94a-454b-aa63-34b697578c0d/797f09be-f091-480b-a931-4f9f998af3a8/1769574350895_12.png,,,,,2026-01-28 04:27:10.847331+00,2026-01-28 04:27:10.847331+00,High School,[],[],Impact,
21ff9748-b42a-47dc-8ec6-2735388fabec,3020a55a-a94a-454b-aa63-34b697578c0d,ncaa_26,2026,RASHAUN HURTADO,QB,Backfield Creator,4,6,3,210,Milwaukee,WI,"{""speed"": 79, ""awareness"": 65, ""break_sack"": 76, ""throw_power"": 86, ""acceleration"": 82, ""throw_on_run"": 82, ""deep_accuracy"": 75, ""short_accuracy"": 74, ""under_pressure"": 80, ""medium_accuracy"": 77}",3020a55a-a94a-454b-aa63-34b697578c0d/9fa2c4b1-0a4d-42c8-a2af-2ecc0d28a50b/1769605854801_14.png,,,,,2026-01-28 13:12:25.367537+00,2026-01-28 13:12:25.367537+00,High School,[],"[""Rollercoaster"",""The Natural"",""Clearheaded""]",Impact,
3fe36b1e-a8c3-4192-9d45-1c9bb1b2037a,3020a55a-a94a-454b-aa63-34b697578c0d,ncaa_26,2026,RASHAWN DUGANS,QB,Dual Threat,4,5,11,207,East Saint Louis,IL,"{""speed"": 78, ""awareness"": 71, ""break_sack"": 65, ""throw_power"": 91, ""acceleration"": 86, ""throw_on_run"": 82, ""deep_accuracy"": 69, ""short_accuracy"": 76, ""under_pressure"": 76, ""medium_accuracy"": 79}",3020a55a-a94a-454b-aa63-34b697578c0d/58073f05-ea50-4f84-a461-60462810cc4d/1769535516500_12.png,,,,,2026-01-27 17:39:33.924176+00,2026-01-27 17:39:33.924176+00,High School,[],"[""Road Dog""]",Impact,
db25b176-831c-4933-b88b-692b39446df6,3020a55a-a94a-454b-aa63-34b697578c0d,ncaa_26,2026,REGGIE ERVIN,QB,Dual Threat,4,6,1,200,Shelbyville,KY,"{""speed"": 80, ""awareness"": 65, ""break_sack"": 67, ""throw_power"": 91, ""acceleration"": 84, ""throw_on_run"": 79, ""deep_accuracy"": 67, ""short_accuracy"": 81, ""under_pressure"": 75, ""medium_accuracy"": 79}",3020a55a-a94a-454b-aa63-34b697578c0d/11992e75-3d30-4b77-b47c-8aafdf4874eb/1769538368086_9.png,,,,,2026-01-27 18:27:47.398597+00,2026-01-27 18:27:47.398597+00,High School,[],"[""Clearheaded"",""Rollercoaster"",""Winning Time""]",Impact,
57785be1-8435-4096-a79e-d829fd2ad88a,3020a55a-a94a-454b-aa63-34b697578c0d,ncaa_26,2026,REGGIE GILLIAM,QB,Pocket Passer,4,6,5,200,Detroit,MI,"{""speed"": 74, ""awareness"": 72, ""break_sack"": 62, ""throw_power"": 89, ""acceleration"": 83, ""throw_on_run"": 76, ""deep_accuracy"": 78, ""short_accuracy"": 83, ""under_pressure"": 72, ""medium_accuracy"": 81}",3020a55a-a94a-454b-aa63-34b697578c0d/9c2199e2-0b6f-4809-90e5-e39096e86588/1769606827479_10.png,,,,,2026-01-28 13:28:08.010255+00,2026-01-28 13:28:08.010255+00,High School,[],"[""Road Dog""]",Impact,
17a9ecff-6de9-4a9d-8453-30e95b73c20d,3020a55a-a94a-454b-aa63-34b697578c0d,ncaa_26,2026,RICHARD CATAPANO,QB,Backfield Creator,4,6,4,198,Bellflower,CA,"{""speed"": 79, ""awareness"": 66, ""break_sack"": 75, ""throw_power"": 87, ""acceleration"": 82, ""throw_on_run"": 81, ""deep_accuracy"": 80, ""short_accuracy"": 79, ""under_pressure"": 79, ""medium_accuracy"": 72}",3020a55a-a94a-454b-aa63-34b697578c0d/58073f05-ea50-4f84-a461-60462810cc4d/1769535517265_13.png,,,,,2026-01-27 17:40:09.855918+00,2026-01-27 17:40:09.855918+00,High School,[],"[""Fan Favorite"",""Clearheaded""]",Impact,
d76caeeb-01e4-4a34-b9a0-e851fe15ca58,3020a55a-a94a-454b-aa63-34b697578c0d,ncaa_26,2026,RICHARD VALOAGA,QB,Backfield Creator,4,6,2,203,Humble,TX,"{""speed"": 81, ""awareness"": 65, ""break_sack"": 77, ""throw_power"": 85, ""acceleration"": 83, ""throw_on_run"": 81, ""deep_accuracy"": 79, ""short_accuracy"": 77, ""under_pressure"": 81, ""medium_accuracy"": 74}",3020a55a-a94a-454b-aa63-34b697578c0d/f2fe5934-35a4-417c-bd51-f65da55000b0/1769606254800_0.png,,,,,2026-01-28 13:17:58.643908+00,2026-01-28 13:17:58.643908+00,High School,[],"[""Headstrong"",""The Natural"",""Road Dog""]",Star,
04f71c2f-01ec-40a9-a394-0a6aecd8a49d,3020a55a-a94a-454b-aa63-34b697578c0d,ncaa_26,2026,ROBERT FOUCHA,QB,Pocket Passer,4,6,5,183,Stow,OH,"{""speed"": 73, ""awareness"": 74, ""break_sack"": 57, ""throw_power"": 92, ""acceleration"": 78, ""throw_on_run"": 72, ""deep_accuracy"": 76, ""short_accuracy"": 83, ""under_pressure"": 74, ""medium_accuracy"": 81}",3020a55a-a94a-454b-aa63-34b697578c0d/9fa2c4b1-0a4d-42c8-a2af-2ecc0d28a50b/1769605856499_16.png,,,,,2026-01-28 13:12:36.492748+00,2026-01-28 13:12:36.492748+00,High School,[],"[""Road Dog"",""Adrenaline"",""Fan Favorite""]",Star,
28c03fc5-c5e6-49f3-a56e-001e3e3e4bf2,3020a55a-a94a-454b-aa63-34b697578c0d,ncaa_26,2026,ROBERT OKPOKOWURUK,QB,Pocket Passer,4,6,2,198,Youngsville,LA,"{""speed"": 78, ""awareness"": 71, ""break_sack"": 60, ""throw_power"": 91, ""acceleration"": 81, ""throw_on_run"": 77, ""deep_accuracy"": 75, ""short_accuracy"": 83, ""under_pressure"": 73, ""medium_accuracy"": 81}",3020a55a-a94a-454b-aa63-34b697578c0d/b8c3c650-9ec3-4fbd-a512-147a8d8a3d43/1769550592337_9.png,,,,,2026-01-27 21:50:57.259469+00,2026-01-27 21:50:57.259469+00,High School,[],"[""Clearheaded""]",Impact,
b9ca0a17-3e4f-404a-bef8-1b3e3167ad9b,3020a55a-a94a-454b-aa63-34b697578c0d,ncaa_26,2026,Roland Ryder,QB,Backfield Creator,4,6,4,194,San Jose,CA,"{""speed"": 81, ""awareness"": 65, ""break_sack"": 75, ""throw_power"": 84, ""acceleration"": 83, ""throw_on_run"": 82, ""deep_accuracy"": 79, ""short_accuracy"": 77, ""under_pressure"": 81, ""medium_accuracy"": 76}",3020a55a-a94a-454b-aa63-34b697578c0d/305828b3-0614-45e0-86db-b80fcb17c6ee/1769574663783_11.png,,,,,2026-01-28 04:32:17.44967+00,2026-01-28 04:32:17.44967+00,High School,[],"[""Clearheaded"",""Headstrong""]",Impact,green
3c6a99e9-30eb-434b-afbb-50defd3ed0de,3020a55a-a94a-454b-aa63-34b697578c0d,ncaa_26,2026,RON SAUTER,QB,Backfield Creator,4,6,1,216,Morganton,NC,"{""speed"": 81, ""awareness"": 62, ""break_sack"": 77, ""throw_power"": 86, ""acceleration"": 82, ""throw_on_run"": 82, ""deep_accuracy"": 76, ""short_accuracy"": 74, ""under_pressure"": 79, ""medium_accuracy"": 75}",3020a55a-a94a-454b-aa63-34b697578c0d/da35812b-39ae-4163-a3cf-1b4121d35fee/1769573171371_10.png,,,,,2026-01-28 04:07:34.972198+00,2026-01-28 04:07:34.972198+00,High School,[],"[""Fan Favorite""]",Normal,
4efe77ef-5831-4691-b37e-fa828749d4e5,3020a55a-a94a-454b-aa63-34b697578c0d,ncaa_26,2026,ROY TOBIN,QB,Pocket Passer,4,6,5,198,Chandler,AZ,"{""speed"": 75, ""awareness"": 74, ""break_sack"": 62, ""throw_power"": 89, ""acceleration"": 84, ""throw_on_run"": 75, ""deep_accuracy"": 73, ""short_accuracy"": 82, ""under_pressure"": 74, ""medium_accuracy"": 82}",3020a55a-a94a-454b-aa63-34b697578c0d/11992e75-3d30-4b77-b47c-8aafdf4874eb/1769538364456_5.png,,,,,2026-01-27 18:26:48.034329+00,2026-01-27 18:26:48.034329+00,High School,[],"[""Road Dog"",""Fan Favorite"",""Rollercoaster""]",Impact,
b1939e90-fe2a-4f32-9710-21d6a8961f76,3020a55a-a94a-454b-aa63-34b697578c0d,ncaa_26,2026,RUSS CHESTNUT,QB,Backfield Creator,4,6,0,214,Westerville,OH,"{""speed"": 84, ""awareness"": 65, ""break_sack"": 75, ""throw_power"": 88, ""acceleration"": 82, ""throw_on_run"": 81, ""deep_accuracy"": 80, ""short_accuracy"": 78, ""under_pressure"": 79, ""medium_accuracy"": 76}",3020a55a-a94a-454b-aa63-34b697578c0d/200bf608-a342-4187-b6fa-74407a59ab19/1769572235649_16.png,,,,,2026-01-28 03:52:30.261598+00,2026-01-28 03:52:30.261598+00,High School,[],[],Impact,green
13ae2ce3-df3c-4f5c-a282-4b9bc986f4cd,3020a55a-a94a-454b-aa63-34b697578c0d,ncaa_26,2026,Russell Simons,QB,Dual Threat,4,5,11,186,Lake Wales,FL,"{""speed"": 80, ""awareness"": 71, ""break_sack"": 65, ""throw_power"": 90, ""acceleration"": 87, ""throw_on_run"": 82, ""deep_accuracy"": 66, ""short_accuracy"": 76, ""under_pressure"": 77, ""medium_accuracy"": 77}",3020a55a-a94a-454b-aa63-34b697578c0d/a342ce80-d121-447f-8178-098d349cc036/1769573466265_10.png,,,,,2026-01-28 04:12:13.45066+00,2026-01-28 04:12:13.45066+00,High School,[],[],Impact,
1ac55a65-18c4-42e8-b7b6-1d81a67a92ac,3020a55a-a94a-454b-aa63-34b697578c0d,ncaa_26,2026,S. MOON,QB,Pocket Passer,4,6,3,215,Hesperia,CA,"{""speed"": 78, ""awareness"": 71, ""break_sack"": 59, ""throw_power"": 89, ""acceleration"": 84, ""throw_on_run"": 75, ""deep_accuracy"": 75, ""short_accuracy"": 85, ""under_pressure"": 72, ""medium_accuracy"": 82}",3020a55a-a94a-454b-aa63-34b697578c0d/6f19e232-33b9-452c-8b01-ace4075aef14/1769572417644_12.png,,,,,2026-01-28 03:54:50.642342+00,2026-01-28 03:54:50.642342+00,High School,[],"[""Field General"",""Rollercoaster"",""Road Dog""]",Impact,
10e4b498-63d0-4e85-825a-c86b446a9e1e,3020a55a-a94a-454b-aa63-34b697578c0d,ncaa_26,2026,SAM SATIVAA,QB,Backfield Creator,4,6,1,220,San Diego,CA,"{""speed"": 79, ""awareness"": 50, ""break_sack"": 77, ""throw_power"": 84, ""acceleration"": 82, ""throw_on_run"": 80, ""deep_accuracy"": 81, ""short_accuracy"": 79, ""under_pressure"": 80, ""medium_accuracy"": 72}",3020a55a-a94a-454b-aa63-34b697578c0d/8baa810f-bdbd-4cc5-a4b6-ee6affb33bb5/1769537848036_8.png,,,,,2026-01-27 18:18:11.317058+00,2026-01-27 18:18:11.317058+00,High School,[],"[""Adrenaline"",""Road Dog"",""Rollercoaster""]",Star,
d3ed60ca-e5a0-45c4-a15a-a0044313253f,3020a55a-a94a-454b-aa63-34b697578c0d,ncaa_26,2026,SOMA HUANG,QB,Dual Threat,5,6,1,205,Fort Lauderdale,FL,"{""speed"": 84, ""awareness"": 72, ""break_sack"": 66, ""throw_power"": 95, ""acceleration"": 89, ""throw_on_run"": 81, ""deep_accuracy"": 69, ""short_accuracy"": 81, ""under_pressure"": 77, ""medium_accuracy"": 83}",3020a55a-a94a-454b-aa63-34b697578c0d/da35812b-39ae-4163-a3cf-1b4121d35fee/1769573166761_4.png,,,,,2026-01-28 04:07:18.808426+00,2026-01-28 04:07:18.808426+00,High School,[],"[""The Natural"",""Headstrong""]",Elite,
a30882d7-8eb0-47cc-ad11-052c654d7155,3020a55a-a94a-454b-aa63-34b697578c0d,ncaa_26,2026,SOMA VICKERS,QB,Backfield Creator,4,6,2,214,Queen Creek,AZ,"{""speed"": 80, ""awareness"": 66, ""break_sack"": 76, ""throw_power"": 87, ""acceleration"": 83, ""throw_on_run"": 82, ""deep_accuracy"": 81, ""short_accuracy"": 75, ""under_pressure"": 78, ""medium_accuracy"": 75}",3020a55a-a94a-454b-aa63-34b697578c0d/9c2199e2-0b6f-4809-90e5-e39096e86588/1769606822001_3.png,,,,,2026-01-28 13:27:34.368497+00,2026-01-28 13:27:34.368497+00,High School,[],[],Star,green
6291732b-32c9-42a6-bb07-1990802a127d,3020a55a-a94a-454b-aa63-34b697578c0d,ncaa_26,2026,SONI TAVAI,QB,Dual Threat,4,6,3,214,Santa Ana,CA,"{""speed"": 78, ""awareness"": 64, ""break_sack"": 64, ""throw_power"": 93, ""acceleration"": 84, ""throw_on_run"": 82, ""deep_accuracy"": 68, ""short_accuracy"": 77, ""under_pressure"": 75, ""medium_accuracy"": 78}",3020a55a-a94a-454b-aa63-34b697578c0d/797f09be-f091-480b-a931-4f9f998af3a8/1769574345418_5.png,,,,,2026-01-28 04:26:22.869794+00,2026-01-28 04:26:22.869794+00,High School,[],"[""The Natural"",""Road Dog"",""Headstrong""]",Impact,green
46ac0ac1-74d7-4937-8619-06ec0026da7d,3020a55a-a94a-454b-aa63-34b697578c0d,ncaa_26,2026,SPENCER CHILDRESS,ATH,Dual Threat,4,6,1,210,Lynchburg,VA,"{""speed"": 83, ""awareness"": 62, ""break_sack"": 81, ""throw_power"": 91, ""acceleration"": 88, ""throw_on_run"": 85, ""deep_accuracy"": 67, ""short_accuracy"": 76, ""under_pressure"": 72, ""medium_accuracy"": 71}",3020a55a-a94a-454b-aa63-34b697578c0d/f2e21b9b-d7a2-4474-8e17-ce3ffa2b6688/1769574930531_10.png,,,,,2026-01-28 04:36:48.398834+00,2026-01-28 04:36:48.398834+00,High School,[],"[""Rollercoaster"",""Adrenaline"",""Clearheaded""]",Normal,
ae9ca69a-da12-48d0-8972-9fd4c29d0a9e,3020a55a-a94a-454b-aa63-34b697578c0d,ncaa_26,2026,STEFON BROWN,QB,Dual Threat,5,6,1,214,Huntington Beach,CA,"{""speed"": 81, ""awareness"": 69, ""break_sack"": 68, ""throw_power"": 93, ""acceleration"": 87, ""throw_on_run"": 84, ""deep_accuracy"": 71, ""short_accuracy"": 80, ""under_pressure"": 77, ""medium_accuracy"": 80}",3020a55a-a94a-454b-aa63-34b697578c0d/f2fe5934-35a4-417c-bd51-f65da55000b0/1769606265722_12.png,,,,,2026-01-28 13:18:52.276804+00,2026-01-28 13:18:52.276804+00,High School,[],"[""Clearheaded""]",Elite,
978b216a-deb7-4997-b578-0f615bb6b21e,3020a55a-a94a-454b-aa63-34b697578c0d,ncaa_26,2026,STEPHEN ANKRAH,QB,Backfield Creator,5,6,0,220,Hayward,CA,"{""speed"": 79, ""awareness"": 71, ""break_sack"": 60, ""throw_power"": 89, ""acceleration"": 83, ""throw_on_run"": 79, ""deep_accuracy"": 78, ""short_accuracy"": 81, ""under_pressure"": 75, ""medium_accuracy"": 81}",3020a55a-a94a-454b-aa63-34b697578c0d/f2e21b9b-d7a2-4474-8e17-ce3ffa2b6688/1769574931495_11.png,,,,,2026-01-28 04:36:13.984662+00,2026-01-28 04:36:13.984662+00,High School,[],"[""Fan Favorite""]",Star,green
3b2bc3f8-262b-4f80-b22b-4d9cd5328c9d,3020a55a-a94a-454b-aa63-34b697578c0d,ncaa_26,2026,STEPHEN ROUNTREE,QB,Dual Threat,4,6,2,211,Wylie,TX,"{""speed"": 80, ""awareness"": 64, ""break_sack"": 64, ""throw_power"": 90, ""acceleration"": 85, ""throw_on_run"": 82, ""deep_accuracy"": 66, ""short_accuracy"": 76, ""under_pressure"": 77, ""medium_accuracy"": 79}",3020a55a-a94a-454b-aa63-34b697578c0d/58073f05-ea50-4f84-a461-60462810cc4d/1769535513786_9.png,,,,,2026-01-27 17:39:55.890433+00,2026-01-27 17:39:55.890433+00,High School,[],"[""Winning Time"",""Adrenaline"",""Road Dog""]",Impact,
71bd35b5-fdfe-4d39-9620-30d78bcb0e64,3020a55a-a94a-454b-aa63-34b697578c0d,ncaa_26,2026,STEVEN HACKER,ATH,Dual Threat,4,6,5,222,Mesa,AZ,"{""speed"": 85, ""awareness"": 50, ""break_sack"": 81, ""throw_power"": 84, ""acceleration"": 88, ""throw_on_run"": 80, ""deep_accuracy"": 66, ""short_accuracy"": 73, ""under_pressure"": 72, ""medium_accuracy"": 68}",3020a55a-a94a-454b-aa63-34b697578c0d/797f09be-f091-480b-a931-4f9f998af3a8/1769574354058_16.png,,,,,2026-01-28 04:27:29.271142+00,2026-01-28 04:27:29.271142+00,High School,[],"[""Road Dog"",""Rollercoaster"",""Fan Favorite""]",Normal,
22e1ef4d-3c88-4660-8c4b-5e5908a4b20d,3020a55a-a94a-454b-aa63-34b697578c0d,ncaa_26,2026,SUA BURR,QB,Backfield Creator,4,6,1,209,Mililani,HI,"{""speed"": 78, ""awareness"": 50, ""break_sack"": 74, ""throw_power"": 84, ""acceleration"": 84, ""throw_on_run"": 80, ""deep_accuracy"": 77, ""short_accuracy"": 79, ""under_pressure"": 81, ""medium_accuracy"": 75}",3020a55a-a94a-454b-aa63-34b697578c0d/4ed88b2b-2a63-4bfd-a896-3868da5c78f3/1769573704817_11.png,,,,,2026-01-28 04:16:15.216271+00,2026-01-28 04:16:15.216271+00,High School,[],"[""Rollercoaster""]",Impact,
6ea43d33-fdba-49bb-a6a2-47731ea12fc5,3020a55a-a94a-454b-aa63-34b697578c0d,ncaa_26,2026,T.J. MCCUTCHEON,QB,Dual Threat,4,6,2,192,Cincinnati,OH,"{""speed"": 82, ""awareness"": 69, ""break_sack"": 66, ""throw_power"": 93, ""acceleration"": 88, ""throw_on_run"": 82, ""deep_accuracy"": 69, ""short_accuracy"": 83, ""under_pressure"": 77, ""medium_accuracy"": 82}",3020a55a-a94a-454b-aa63-34b697578c0d/625c202e-0cb5-408c-9fd5-d476742d073e/1769607511099_12.png,,,,,2026-01-28 13:39:16.826804+00,2026-01-28 13:39:16.826804+00,High School,[],"[""Road Dog""]",Star,
79e2c873-36e2-4fab-8775-9e090c0f1874,3020a55a-a94a-454b-aa63-34b697578c0d,ncaa_26,2026,TAVARIUS DUCK,QB,Backfield Creator,4,6,2,209,Bradenton,FL,"{""speed"": 82, ""awareness"": 67, ""break_sack"": 76, ""throw_power"": 84, ""acceleration"": 84, ""throw_on_run"": 81, ""deep_accuracy"": 81, ""short_accuracy"": 77, ""under_pressure"": 80, ""medium_accuracy"": 72}",3020a55a-a94a-454b-aa63-34b697578c0d/11992e75-3d30-4b77-b47c-8aafdf4874eb/1769538367320_8.png,,,,,2026-01-27 18:27:03.13994+00,2026-01-27 18:27:03.13994+00,High School,[],[],Impact,
8f29f16a-6fc7-4951-9c32-aa3291cfd12f,3020a55a-a94a-454b-aa63-34b697578c0d,ncaa_26,2026,TAVARIUS HUTTON,ATH,Dual Threat,4,6,2,202,Brawley,CA,"{""speed"": 89, ""awareness"": 50, ""break_sack"": 75, ""throw_power"": 95, ""acceleration"": 87, ""throw_on_run"": 80, ""deep_accuracy"": 81, ""short_accuracy"": 85, ""under_pressure"": 74, ""medium_accuracy"": 84}",3020a55a-a94a-454b-aa63-34b697578c0d/797f09be-f091-480b-a931-4f9f998af3a8/1769574340724_0.png,,,,,2026-01-28 04:26:01.864273+00,2026-01-28 04:26:01.864273+00,High School,[],"[""Winning Time"",""Field General""]",Elite,
d6166e25-c9fa-465c-bd8c-71c68e6a1964,3020a55a-a94a-454b-aa63-34b697578c0d,ncaa_26,2026,TAYLOR LORD,ATH,Dual Threat,4,6,4,207,Austin,TX,"{""speed"": 86, ""awareness"": 62, ""break_sack"": 83, ""throw_power"": 84, ""acceleration"": 87, ""throw_on_run"": 80, ""deep_accuracy"": 66, ""short_accuracy"": 73, ""under_pressure"": 73, ""medium_accuracy"": 69}",3020a55a-a94a-454b-aa63-34b697578c0d/797f09be-f091-480b-a931-4f9f998af3a8/1769574353275_15.png,,,,,2026-01-28 04:27:22.8527+00,2026-01-28 04:27:22.8527+00,High School,"[""Extender""]","[""Clearheaded""]",Star,
1d71d224-c0cb-4300-a88d-217b88a58cea,3020a55a-a94a-454b-aa63-34b697578c0d,ncaa_26,2026,TAYLOR REYNA,ATH,Dual Threat,4,6,4,208,San Bruno,CA,"{""speed"": 83, ""awareness"": 62, ""break_sack"": 80, ""throw_power"": 85, ""acceleration"": 87, ""throw_on_run"": 82, ""deep_accuracy"": 67, ""short_accuracy"": 75, ""under_pressure"": 75, ""medium_accuracy"": 69}",3020a55a-a94a-454b-aa63-34b697578c0d/b8c3c650-9ec3-4fbd-a512-147a8d8a3d43/1769550590006_6.png,,,,,2026-01-27 21:51:35.21761+00,2026-01-27 21:51:35.21761+00,High School,[],"[""Rollercoaster"",""Adrenaline""]",Normal,
76e21956-0fc0-42a2-8221-e9f2f16dfe5d,3020a55a-a94a-454b-aa63-34b697578c0d,ncaa_26,2026,TAYLOR SALCEDO,QB,Backfield Creator,4,6,2,195,Mesa,AZ,"{""speed"": 79, ""awareness"": 61, ""break_sack"": 75, ""throw_power"": 87, ""acceleration"": 85, ""throw_on_run"": 81, ""deep_accuracy"": 75, ""short_accuracy"": 78, ""under_pressure"": 81, ""medium_accuracy"": 75}",3020a55a-a94a-454b-aa63-34b697578c0d/200bf608-a342-4187-b6fa-74407a59ab19/1769572223931_3.png,,,,,2026-01-28 03:51:06.631259+00,2026-01-28 03:51:06.631259+00,High School,[],"[""Clearheaded""]",Normal,
dc4a2b76-a7af-463c-bd4b-cf40e6719e7d,3020a55a-a94a-454b-aa63-34b697578c0d,ncaa_26,2026,TEDDY HEENEY,QB,Pocket Passer,5,6,2,221,Pasadena,CA,"{""speed"": 77, ""awareness"": 74, ""break_sack"": 61, ""throw_power"": 92, ""acceleration"": 80, ""throw_on_run"": 78, ""deep_accuracy"": 77, ""short_accuracy"": 85, ""under_pressure"": 74, ""medium_accuracy"": 85}",3020a55a-a94a-454b-aa63-34b697578c0d/625c202e-0cb5-408c-9fd5-d476742d073e/1769607512564_14.png,,,,,2026-01-28 13:39:22.116368+00,2026-01-28 13:39:22.116368+00,High School,[],[],Star,
3409fc51-5677-4444-b154-f70c372a4c0c,3020a55a-a94a-454b-aa63-34b697578c0d,ncaa_26,2026,TELVIN CARREON,QB,Backfield Creator,4,6,4,199,Bowling Green,KY,"{""speed"": 80, ""awareness"": 63, ""break_sack"": 74, ""throw_power"": 85, ""acceleration"": 84, ""throw_on_run"": 79, ""deep_accuracy"": 82, ""short_accuracy"": 79, ""under_pressure"": 79, ""medium_accuracy"": 73}",3020a55a-a94a-454b-aa63-34b697578c0d/9f89286f-f6e9-4073-bfba-91f5f815cee7/1769605166214_15.png,,,,,2026-01-28 13:00:36.773849+00,2026-01-28 13:00:36.773849+00,High School,[],"[""Clearheaded""]",Star,
192b2ce3-5aa2-4ce1-ab5d-ed7b10a4b5d8,3020a55a-a94a-454b-aa63-34b697578c0d,ncaa_26,2026,TERRANCE JOLLY,QB,Backfield Creator,4,6,2,201,Kalamazoo,MI,"{""speed"": 79, ""awareness"": 64, ""break_sack"": 77, ""throw_power"": 87, ""acceleration"": 82, ""throw_on_run"": 79, ""deep_accuracy"": 81, ""short_accuracy"": 75, ""under_pressure"": 79, ""medium_accuracy"": 74}",3020a55a-a94a-454b-aa63-34b697578c0d/f2e21b9b-d7a2-4474-8e17-ce3ffa2b6688/1769574922938_1.png,,,,,2026-01-28 04:35:44.948633+00,2026-01-28 04:35:44.948633+00,High School,[],"[""Fan Favorite"",""Clearheaded"",""Winning Time""]",Impact,
4837e457-4958-4c36-a1a4-400a3b2527f7,3020a55a-a94a-454b-aa63-34b697578c0d,ncaa_26,2026,TERRELL DANIELS,ATH,Dual Threat,4,6,5,199,Ellenwood,GA,"{""speed"": 87, ""awareness"": 61, ""break_sack"": 80, ""throw_power"": 84, ""acceleration"": 88, ""throw_on_run"": 81, ""deep_accuracy"": 66, ""short_accuracy"": 75, ""under_pressure"": 75, ""medium_accuracy"": 68}",3020a55a-a94a-454b-aa63-34b697578c0d/8baa810f-bdbd-4cc5-a4b6-ee6affb33bb5/1769537843426_2.png,,,,,2026-01-27 18:17:54.993363+00,2026-01-27 18:17:54.993363+00,High School,[],[],Elite,
3360a3a8-f944-4fef-abbc-ba650f70bbf5,3020a55a-a94a-454b-aa63-34b697578c0d,ncaa_26,2026,TERRELL DUCK,QB,Backfield Creator,4,6,4,208,Madison,GA,"{""speed"": 80, ""awareness"": 69, ""break_sack"": 75, ""throw_power"": 86, ""acceleration"": 85, ""throw_on_run"": 79, ""deep_accuracy"": 78, ""short_accuracy"": 76, ""under_pressure"": 78, ""medium_accuracy"": 76}",3020a55a-a94a-454b-aa63-34b697578c0d/8baa810f-bdbd-4cc5-a4b6-ee6affb33bb5/1769537847304_7.png,,,,,2026-01-27 18:18:39.007943+00,2026-01-27 18:18:39.007943+00,High School,[],"[""Fan Favorite"",""Adrenaline"",""Headstrong""]",Normal,
2655b21b-6677-4edd-987c-952e53f86dbb,3020a55a-a94a-454b-aa63-34b697578c0d,ncaa_26,2026,TEVIN DAVENPORT,QB,Backfield Creator,4,6,1,215,Draper,UT,"{""speed"": 78, ""awareness"": 65, ""break_sack"": 76, ""throw_power"": 84, ""acceleration"": 83, ""throw_on_run"": 82, ""deep_accuracy"": 82, ""short_accuracy"": 78, ""under_pressure"": 80, ""medium_accuracy"": 77}",3020a55a-a94a-454b-aa63-34b697578c0d/797f09be-f091-480b-a931-4f9f998af3a8/1769574346267_6.png,,,,,2026-01-28 04:26:32.972448+00,2026-01-28 04:26:32.972448+00,High School,[],[],Normal,
961a2f80-05fe-4ba5-b4b0-2bda6e50da97,3020a55a-a94a-454b-aa63-34b697578c0d,ncaa_26,2026,TEVIN WILKES,QB,Pocket Passer,4,6,3,213,Orange,CA,"{""speed"": 78, ""awareness"": 74, ""break_sack"": 61, ""throw_power"": 93, ""acceleration"": 81, ""throw_on_run"": 79, ""deep_accuracy"": 79, ""short_accuracy"": 84, ""under_pressure"": 74, ""medium_accuracy"": 85}",3020a55a-a94a-454b-aa63-34b697578c0d/f2fe5934-35a4-417c-bd51-f65da55000b0/1769606263840_10.png,,,,,2026-01-28 13:18:44.519111+00,2026-01-28 13:18:44.519111+00,High School,"[""Step Up""]","[""Fan Favorite"",""Road Dog""]",Elite,green
4b3608c9-7716-4d65-87e5-074ad30e313f,3020a55a-a94a-454b-aa63-34b697578c0d,ncaa_26,2026,THOMAS GRIFFEN,QB,Dual Threat,4,6,1,196,Pike Road,AL,"{""speed"": 79, ""awareness"": 68, ""break_sack"": 67, ""throw_power"": 88, ""acceleration"": 84, ""throw_on_run"": 79, ""deep_accuracy"": 67, ""short_accuracy"": 79, ""under_pressure"": 75, ""medium_accuracy"": 80}",3020a55a-a94a-454b-aa63-34b697578c0d/f2fe5934-35a4-417c-bd51-f65da55000b0/1769606255915_1.png,,,,,2026-01-28 13:18:03.712844+00,2026-01-28 13:18:03.712844+00,High School,[],[],Star,
07f249b0-59cc-497a-a933-938dd7534c14,3020a55a-a94a-454b-aa63-34b697578c0d,ncaa_26,2026,THOMAS MEEKS,QB,Pocket Passer,4,6,3,187,Louisville,KY,"{""speed"": 75, ""awareness"": 72, ""break_sack"": 58, ""throw_power"": 88, ""acceleration"": 79, ""throw_on_run"": 74, ""deep_accuracy"": 76, ""short_accuracy"": 84, ""under_pressure"": 75, ""medium_accuracy"": 83}",3020a55a-a94a-454b-aa63-34b697578c0d/a342ce80-d121-447f-8178-098d349cc036/1769573464684_8.png,,,,,2026-01-28 04:12:02.960675+00,2026-01-28 04:12:02.960675+00,High School,"[""Step Up""]",[],Normal,red
f19a54ae-303e-40ae-825b-7c9bd8839116,3020a55a-a94a-454b-aa63-34b697578c0d,ncaa_26,2026,TIM CANTRELL,QB,Dual Threat,4,6,5,195,Pinson,AL,"{""speed"": 79, ""awareness"": 71, ""break_sack"": 65, ""throw_power"": 88, ""acceleration"": 84, ""throw_on_run"": 79, ""deep_accuracy"": 68, ""short_accuracy"": 80, ""under_pressure"": 77, ""medium_accuracy"": 78}",3020a55a-a94a-454b-aa63-34b697578c0d/b8c3c650-9ec3-4fbd-a512-147a8d8a3d43/1769550597532_15.png,,,,,2026-01-27 21:51:13.23881+00,2026-01-27 21:51:13.23881+00,High School,[],"[""Rollercoaster""]",Normal,
453cbb29-661a-47fe-8b74-beac7d5512b4,3020a55a-a94a-454b-aa63-34b697578c0d,ncaa_26,2026,TIM DRISKEL,ATH,Dual Threat,4,6,4,210,Vineland,NJ,"{""speed"": 82, ""awareness"": 62, ""break_sack"": 82, ""throw_power"": 90, ""acceleration"": 88, ""throw_on_run"": 83, ""deep_accuracy"": 67, ""short_accuracy"": 72, ""under_pressure"": 68, ""medium_accuracy"": 74}",3020a55a-a94a-454b-aa63-34b697578c0d/9f89286f-f6e9-4073-bfba-91f5f815cee7/1769605164649_13.png,,,,,2026-01-28 13:00:14.275557+00,2026-01-28 13:00:14.275557+00,High School,[],"[""Road Dog"",""Adrenaline"",""Clearheaded""]",Normal,red
cd89ffae-2d4d-42d9-bb58-6519c633e8f4,3020a55a-a94a-454b-aa63-34b697578c0d,ncaa_26,2026,TIM RAHMAN,QB,Pocket Passer,4,6,2,196,Tulsa,OK,"{""speed"": 77, ""awareness"": 71, ""break_sack"": 59, ""throw_power"": 95, ""acceleration"": 83, ""throw_on_run"": 74, ""deep_accuracy"": 75, ""short_accuracy"": 85, ""under_pressure"": 73, ""medium_accuracy"": 83}",3020a55a-a94a-454b-aa63-34b697578c0d/9f89286f-f6e9-4073-bfba-91f5f815cee7/1769605155026_1.png,,,,,2026-01-28 12:59:36.98516+00,2026-01-28 12:59:36.98516+00,High School,"[""Step Up""]","[""The Natural"",""Headstrong"",""Winning Time""]",Elite,green
04f63876-66e1-4e91-b854-db7ec4c728f7,3020a55a-a94a-454b-aa63-34b697578c0d,ncaa_26,2026,TIMMY MURPHY,QB,Pocket Passer,4,6,4,201,Corona,CA,"{""speed"": 76, ""awareness"": 74, ""break_sack"": 59, ""throw_power"": 90, ""acceleration"": 81, ""throw_on_run"": 71, ""deep_accuracy"": 76, ""short_accuracy"": 85, ""under_pressure"": 75, ""medium_accuracy"": 81}",3020a55a-a94a-454b-aa63-34b697578c0d/a342ce80-d121-447f-8178-098d349cc036/1769573463902_7.png,,,,,2026-01-28 04:11:57.727755+00,2026-01-28 04:11:57.727755+00,High School,[],"[""Fan Favorite"",""Adrenaline""]",Impact,
dfb8b7a2-bd43-46a8-8597-a5c60d22ec6a,3020a55a-a94a-454b-aa63-34b697578c0d,ncaa_26,2026,TOMMY DOBBS,ATH,Dual Threat,4,6,0,192,Dallas,GA,"{""speed"": 86, ""awareness"": 65, ""break_sack"": 86, ""throw_power"": 88, ""acceleration"": 87, ""throw_on_run"": 85, ""deep_accuracy"": 70, ""short_accuracy"": 80, ""under_pressure"": 69, ""medium_accuracy"": 77}",3020a55a-a94a-454b-aa63-34b697578c0d/37c01ca5-7b0b-4fe2-8041-6c2fb6efa8bc/1769603992288_7.png,,,,,2026-01-28 12:40:52.592435+00,2026-01-28 12:40:52.592435+00,High School,"[""Extender""]","[""The Natural""]",Star,
8216f0f1-9ea6-468d-a8c6-1590b5337d24,3020a55a-a94a-454b-aa63-34b697578c0d,ncaa_26,2026,TONY BARS,ATH,Dual Threat,4,6,2,198,Fort Lauderdale,FL,"{""speed"": 81, ""awareness"": 64, ""break_sack"": 77, ""throw_power"": 91, ""acceleration"": 88, ""throw_on_run"": 85, ""deep_accuracy"": 65, ""short_accuracy"": 75, ""under_pressure"": 68, ""medium_accuracy"": 72}",3020a55a-a94a-454b-aa63-34b697578c0d/9fa2c4b1-0a4d-42c8-a2af-2ecc0d28a50b/1769605850989_9.png,,,,,2026-01-28 13:11:58.075103+00,2026-01-28 13:11:58.075103+00,High School,[],"[""Fan Favorite"",""Rollercoaster""]",Impact,
98efbbfc-d182-4aa8-8b3b-991227353cfd,3020a55a-a94a-454b-aa63-34b697578c0d,ncaa_26,2026,TRENT HAGER,QB,Dual Threat,4,6,1,193,Gig Harbor,WA,"{""speed"": 80, ""awareness"": 65, ""break_sack"": 65, ""throw_power"": 92, ""acceleration"": 86, ""throw_on_run"": 79, ""deep_accuracy"": 69, ""short_accuracy"": 78, ""under_pressure"": 77, ""medium_accuracy"": 78}",3020a55a-a94a-454b-aa63-34b697578c0d/a342ce80-d121-447f-8178-098d349cc036/1769573470194_15.png,,,,,2026-01-28 04:12:50.822075+00,2026-01-28 04:12:50.822075+00,High School,[],"[""Field General"",""Winning Time"",""Adrenaline""]",Impact,
494ad5c8-b96a-4ff6-aa50-b50efa03588a,3020a55a-a94a-454b-aa63-34b697578c0d,ncaa_26,2026,TREY CUTRERA,QB,Backfield Creator,4,6,1,220,Southfield,MI,"{""speed"": 78, ""awareness"": 62, ""break_sack"": 74, ""throw_power"": 84, ""acceleration"": 82, ""throw_on_run"": 82, ""deep_accuracy"": 74, ""short_accuracy"": 78, ""under_pressure"": 78, ""medium_accuracy"": 72}",3020a55a-a94a-454b-aa63-34b697578c0d/37c01ca5-7b0b-4fe2-8041-6c2fb6efa8bc/1769603999946_13.png,,,,,2026-01-28 12:41:24.32236+00,2026-01-28 12:41:24.32236+00,High School,[],"[""Headstrong"",""Fan Favorite"",""Adrenaline""]",Normal,red
5f08708b-1695-4bfd-bac2-2800692ea241,3020a55a-a94a-454b-aa63-34b697578c0d,ncaa_26,2026,TUA WHIPPLE,QB,Pocket Passer,4,6,2,209,Waco,TX,"{""speed"": 76, ""awareness"": 74, ""break_sack"": 57, ""throw_power"": 90, ""acceleration"": 82, ""throw_on_run"": 73, ""deep_accuracy"": 78, ""short_accuracy"": 83, ""under_pressure"": 73, ""medium_accuracy"": 81}",3020a55a-a94a-454b-aa63-34b697578c0d/625c202e-0cb5-408c-9fd5-d476742d073e/1769607509500_10.png,,,,,2026-01-28 13:39:56.679078+00,2026-01-28 13:39:56.679078+00,High School,[],"[""The Natural""]",Star,green
3d740acb-414c-4910-b05a-a1222e0cbe06,3020a55a-a94a-454b-aa63-34b697578c0d,ncaa_26,2026,TYLER NIX,QB,Dual Threat,4,6,1,201,Calabasas,CA,"{""speed"": 80, ""awareness"": 64, ""break_sack"": 66, ""throw_power"": 92, ""acceleration"": 86, ""throw_on_run"": 79, ""deep_accuracy"": 68, ""short_accuracy"": 79, ""under_pressure"": 75, ""medium_accuracy"": 77}",3020a55a-a94a-454b-aa63-34b697578c0d/200bf608-a342-4187-b6fa-74407a59ab19/1769572233985_14.png,,,,,2026-01-28 03:52:11.310599+00,2026-01-28 03:52:11.310599+00,High School,[],[],Impact,
fa909ec2-ab81-4389-8266-2be868e82d8c,3020a55a-a94a-454b-aa63-34b697578c0d,ncaa_26,2026,TYREE HEYER,QB,Pocket Passer,4,6,2,213,Spring,TX,"{""speed"": 76, ""awareness"": 75, ""break_sack"": 59, ""throw_power"": 92, ""acceleration"": 83, ""throw_on_run"": 79, ""deep_accuracy"": 80, ""short_accuracy"": 86, ""under_pressure"": 77, ""medium_accuracy"": 85}",3020a55a-a94a-454b-aa63-34b697578c0d/4ed88b2b-2a63-4bfd-a896-3868da5c78f3/1769573708596_16.png,,,,,2026-01-28 04:16:49.781265+00,2026-01-28 04:16:49.781265+00,High School,"[""Step Up"",""On Time""]","[""Road Dog"",""Field General"",""Clearheaded""]",Impact,
1226fc0b-95c5-43eb-af53-19cb6c806db5,3020a55a-a94a-454b-aa63-34b697578c0d,ncaa_26,2026,TYREKE KAESVIHARN,QB,Dual Threat,5,6,1,195,Kansas City,MO,"{""speed"": 86, ""awareness"": 69, ""break_sack"": 69, ""throw_power"": 97, ""acceleration"": 88, ""throw_on_run"": 83, ""deep_accuracy"": 69, ""short_accuracy"": 81, ""under_pressure"": 76, ""medium_accuracy"": 81}",3020a55a-a94a-454b-aa63-34b697578c0d/b8c3c650-9ec3-4fbd-a512-147a8d8a3d43/1769550586359_2.png,,,,,2026-01-27 21:51:24.349003+00,2026-01-27 21:51:24.349003+00,High School,[],"[""Rollercoaster""]",Elite,green
206a1f4a-7b77-43ca-8305-52ea98852113,3020a55a-a94a-454b-aa63-34b697578c0d,ncaa_26,2026,TYRONE COUNTESS,QB,Dual Threat,4,6,0,204,Tylertown,MS,"{""speed"": 80, ""awareness"": 79, ""break_sack"": 65, ""throw_power"": 90, ""acceleration"": 85, ""throw_on_run"": 79, ""deep_accuracy"": 68, ""short_accuracy"": 76, ""under_pressure"": 76, ""medium_accuracy"": 79}",3020a55a-a94a-454b-aa63-34b697578c0d/8baa810f-bdbd-4cc5-a4b6-ee6affb33bb5/1769537849518_10.png,,,,,2026-01-27 18:18:17.268261+00,2026-01-27 18:18:17.268261+00,High School,[],"[""Winning Time"",""Clearheaded""]",Normal,
16a5495b-5c7f-45e9-87df-85e8e365e3c4,3020a55a-a94a-454b-aa63-34b697578c0d,ncaa_26,2026,VERNON ROSSOUW,ATH,Dual Threat,4,6,4,211,Kapaa,HI,"{""speed"": 87, ""awareness"": 62, ""break_sack"": 83, ""throw_power"": 84, ""acceleration"": 88, ""throw_on_run"": 83, ""deep_accuracy"": 68, ""short_accuracy"": 75, ""under_pressure"": 76, ""medium_accuracy"": 68}",3020a55a-a94a-454b-aa63-34b697578c0d/37c01ca5-7b0b-4fe2-8041-6c2fb6efa8bc/1769603986878_1.png,,,,,2026-01-28 12:40:20.58249+00,2026-01-28 12:40:20.58249+00,High School,"[""Extender""]","[""Road Dog""]",Impact,
60b607ea-d2cb-4027-b806-85b747f9e2f2,3020a55a-a94a-454b-aa63-34b697578c0d,ncaa_26,2026,VICTOR OGUNJOBI,ATH,Dual Threat,4,6,3,207,New Orleans,LA,"{""speed"": 80, ""awareness"": 64, ""break_sack"": 78, ""throw_power"": 87, ""acceleration"": 88, ""throw_on_run"": 85, ""deep_accuracy"": 64, ""short_accuracy"": 72, ""under_pressure"": 72, ""medium_accuracy"": 74}",3020a55a-a94a-454b-aa63-34b697578c0d/9c2199e2-0b6f-4809-90e5-e39096e86588/1769606819054_0.png,,,,,2026-01-28 13:27:17.889353+00,2026-01-28 13:27:17.889353+00,High School,[],[],Star,
71605c3b-41d9-4d60-9385-40e60c83532a,3020a55a-a94a-454b-aa63-34b697578c0d,ncaa_26,2026,VILIAMI LATU,QB,Dual Threat,4,6,4,184,Hollywood,FL,"{""speed"": 83, ""awareness"": 61, ""break_sack"": 66, ""throw_power"": 91, ""acceleration"": 86, ""throw_on_run"": 81, ""deep_accuracy"": 67, ""short_accuracy"": 78, ""under_pressure"": 77, ""medium_accuracy"": 80}",3020a55a-a94a-454b-aa63-34b697578c0d/797f09be-f091-480b-a931-4f9f998af3a8/1769574347782_8.png,,,,,2026-01-28 04:26:45.599723+00,2026-01-28 04:26:45.599723+00,High School,[],"[""Clearheaded"",""Fan Favorite"",""Adrenaline""]",Impact,
7aeb6ed9-9dc5-4ea1-ae2e-335f7588d9a4,3020a55a-a94a-454b-aa63-34b697578c0d,ncaa_26,2026,VINCE HIGDON,QB,Pocket Passer,4,6,5,208,Carrollton,GA,"{""speed"": 73, ""awareness"": 72, ""break_sack"": 57, ""throw_power"": 92, ""acceleration"": 77, ""throw_on_run"": 74, ""deep_accuracy"": 76, ""short_accuracy"": 85, ""under_pressure"": 74, ""medium_accuracy"": 82}",3020a55a-a94a-454b-aa63-34b697578c0d/6f19e232-33b9-452c-8b01-ace4075aef14/1769572416013_10.png,,,,,2026-01-28 03:54:44.910908+00,2026-01-28 03:54:44.910908+00,High School,[],"[""Rollercoaster"",""Winning Time"",""Adrenaline""]",Impact,
586f15c2-31c3-4077-8f12-526a3b75a505,3020a55a-a94a-454b-aa63-34b697578c0d,ncaa_26,2026,WARREN HENDRIX,QB,Backfield Creator,4,6,4,216,Los Angeles,CA,"{""speed"": 80, ""awareness"": 63, ""break_sack"": 77, ""throw_power"": 86, ""acceleration"": 84, ""throw_on_run"": 81, ""deep_accuracy"": 77, ""short_accuracy"": 74, ""under_pressure"": 81, ""medium_accuracy"": 74}",3020a55a-a94a-454b-aa63-34b697578c0d/797f09be-f091-480b-a931-4f9f998af3a8/1769574344652_4.png,,,,,2026-01-28 04:26:27.900978+00,2026-01-28 04:26:27.900978+00,High School,[],[],Impact,
6c02b5c8-67b4-49b0-adc6-392c8259b8b3,3020a55a-a94a-454b-aa63-34b697578c0d,ncaa_26,2026,WILLIE ANGER,QB,Dual Threat,4,5,11,178,De Pere,WI,"{""speed"": 78, ""awareness"": 64, ""break_sack"": 64, ""throw_power"": 92, ""acceleration"": 87, ""throw_on_run"": 80, ""deep_accuracy"": 66, ""short_accuracy"": 79, ""under_pressure"": 74, ""medium_accuracy"": 79}",3020a55a-a94a-454b-aa63-34b697578c0d/f2e21b9b-d7a2-4474-8e17-ce3ffa2b6688/1769574922006_0.png,,,,,2026-01-28 04:35:39.310532+00,2026-01-28 04:35:39.310532+00,High School,[],[],Normal,
325f4158-9a04-4655-90b0-bee0dc7d4340,3020a55a-a94a-454b-aa63-34b697578c0d,ncaa_26,2026,ZACH KEYS,QB,Pocket Passer,4,6,3,221,Carnesville,GA,"{""speed"": 75, ""awareness"": 72, ""break_sack"": 61, ""throw_power"": 91, ""acceleration"": 82, ""throw_on_run"": 77, ""deep_accuracy"": 77, ""short_accuracy"": 85, ""under_pressure"": 75, ""medium_accuracy"": 83}",3020a55a-a94a-454b-aa63-34b697578c0d/11992e75-3d30-4b77-b47c-8aafdf4874eb/1769538371842_14.png,,,,,2026-01-27 18:28:24.307344+00,2026-01-27 18:28:24.307344+00,High School,[],"[""Rollercoaster""]",Impact,
e16eea52-57d2-4ca4-a3c0-3ac62dbc3c9b,3020a55a-a94a-454b-aa63-34b697578c0d,ncaa_26,2026,ZACK TRIBBLE,QB,Pocket Passer,4,6,3,224,San Mateo,CA,"{""speed"": 76, ""awareness"": 75, ""break_sack"": 59, ""throw_power"": 92, ""acceleration"": 84, ""throw_on_run"": 76, ""deep_accuracy"": 73, ""short_accuracy"": 82, ""under_pressure"": 75, ""medium_accuracy"": 81}",3020a55a-a94a-454b-aa63-34b697578c0d/da35812b-39ae-4163-a3cf-1b4121d35fee/1769573170605_9.png,,,,,2026-01-28 04:06:46.863001+00,2026-01-28 04:06:46.863001+00,High School,[],"[""Clearheaded""]",Impact,
312c4341-2995-4ddd-9299-b6505895ad3a,3020a55a-a94a-454b-aa63-34b697578c0d,ncaa_26,2026,ZAIRE HURLEY,QB,Dual Threat,4,6,3,203,Lakeland,FL,"{""speed"": 80, ""awareness"": 50, ""break_sack"": 64, ""throw_power"": 91, ""acceleration"": 84, ""throw_on_run"": 80, ""deep_accuracy"": 69, ""short_accuracy"": 77, ""under_pressure"": 75, ""medium_accuracy"": 78}",3020a55a-a94a-454b-aa63-34b697578c0d/4ed88b2b-2a63-4bfd-a896-3868da5c78f3/1769573709362_17.png,,,,,2026-01-28 04:16:32.738981+00,2026-01-28 04:16:32.738981+00,High School,[],"[""Winning Time""]",Impact,